QuesSimText,AnsSimText,Position Title,topic,cluster,positive_percentage,BU,Experience,Attr 3,Age,Attr 5,City,Attr7*
Do you like our new Agile Open Office?,"let's clarify wha's agile open office firstly. the areas for meetings or discussions newly renovated are not agile open office. the real agile open office are the areas where employees are working/coding everyday, not somewhere they have to walk to. take a look at the open office that bluemix and cio resides, you know what's true agile open office.",Software Release Manager,environment+agile,10.0,0.5783216783216784,BU1,5.0,0.0,a4,1.0,Beijing,S14
工程师的日常生活里，你觉得甚么最需要去改变？(e.g. 工作态度，社交活动，生活习惯，创新思考，保持热忱... 等，请自由发挥),对工程师而言，最重要的是态度和思考问题的方式。但文化的改变不只是工程师的事，不只是自底向上就能做到的。公司高层的支持和自身的改变对公司文化的改变至关重要。,Software Release Manager,engineer,6.0,1.0,BU1,5.0,0.0,a4,1.0,Beijing,S14
除了项目以外， 你一周学习新技术的时间有多少？比如：一周1个小时，一周4个小时，一周10个小时，等等？,"just 4 in the weekend, as i don't have time in workdays. my evening are fully booked by meetings as well.",Software Release Manager,learn+technique,8.0,0.5,BU1,5.0,0.0,a4,1.0,Beijing,S14
说到工程师文化，你想到的前三个词是什么？例如： 自由，效率，平等，尊重，信任，创新，简化流程，快速迭代，一切以解决问题为导向等等,技术导向，敏捷精益，持续提高,Software Release Manager,engineer,6.0,1.0,BU1,5.0,0.0,a4,1.0,Beijing,S14
"Dear IBMer, 你觉得你能够做些什么来让IBM重新在业界走上巅峰？",撸起袖子就是干,Software Architect,IBM,3.0,0.5,BU1,4.0,1.0,a4,1.0,Beijing,S14
你希望公司管理层（BUE及以上，包括CDL或CDL外）应该继续做什么（keep doing）？,继续敏捷转型，鼓励并提供更多的机会让员工可以接触新的技术思想和实际应用的机会，从而能够在业务和技术栈两方面持续发展，保持先进性。,Software Architect,company management,1.0,1.0,BU1,4.0,1.0,a4,1.0,Beijing,S14
你希望公司管理层（BUE及以上，包括CDL或CDL外）应该停止做什么（stop doing）？,停止过于频繁的调整战略和路线图，明确cio的云计算转型路线图，停止不必要的应用和运营成本。,Software Architect,company management,1.0,0.2,BU1,4.0,1.0,a4,1.0,Beijing,S14
IBM要转型成功，你认为是技术更重要，还是满足客户需求更重要？,不管对于公司长期发展还是个人职业发展来说技术都是一个很重要的方面，不过技术存在的价值是解决业务问题，如果不能解决客户问题再好的技术也不能产生价值。因此我认为在解决业务问题的前提下引导客户采用创新性技术是win-win的选择。,Software Architect,transformation,11.0,0.6,BU1,4.0,1.0,a3,1.0,Beijing,S8
你希望公司管理层（BUE及以上，包括CDL或CDL外）应该继续做什么（keep doing）？,持续为员工职业发展创造机会， 大力宣扬工程师文化塑造浓厚技术氛围。,Software Architect,company management,1.0,0.5,BU1,4.0,1.0,a3,1.0,Beijing,S8
"Dear IBMer, 你觉得你能够做些什么来让IBM重新在业界走上巅峰？",断腕停掉老旧产品，增加投资吸引牛人，搞出拳头产品，占领市场，重获增长,Software Release Manager,IBM,3.0,1.0,BU1,4.0,0.0,a3,1.0,Beijing,S12
Do you like our new Agile Open Office?,do you like our new agile open office? just  so  so,Software Developer,environment+agile,10.0,0.6060606060606061,BU1,3.0,1.0,a4,1.0,Beijing,S6
"Dear IBMer, 你觉得你能够做些什么来让IBM重新在业界走上巅峰？","dear ibmer, 你觉得你能够做些什么来让ibm重新在业界走上巅峰？(in your mind, what could you do to help ibm back to the top company in industry?)  i  need  to  work  harder,  learn  more,  practice  more.",Software Developer,IBM,3.0,0.5,BU1,3.0,1.0,a4,1.0,Beijing,S6
你最喜欢的Whitewater工具是什么？,trello,Software Developer,others,12.0,0.5,BU1,3.0,1.0,a3,1.0,Beijing,S2
Do you like our new Agile Open Office?,yes,Software Designer,environment+agile,10.0,1.0,BU1,3.0,1.0,a3,1.0,Beijing,S9
Do you like our new Agile Open Office?,yes,Application Architect,environment+agile,10.0,1.0,BU1,3.0,1.0,a3,1.0,Beijing,S11
我们新装修的Agile workspace， 你觉得还有味吗？,够味儿,Software Developer,environment+agile,10.0,1.0,BU1,3.0,1.0,a2,1.0,Beijing,S7
Do you like our new Agile Open Office?,yes!,Software Release Manager,environment+agile,10.0,0.5,BU1,3.0,0.0,a2,1.0,Beijing,S7
"Dear IBMer, 你觉得你能够做些什么来让IBM重新在业界走上巅峰？",每天工作更多的是充满正能量,Software Release Manager,IBM,3.0,0.5,BU1,3.0,0.0,a2,1.0,Beijing,S7
IBM要转型成功，你认为是技术更重要，还是满足客户需求更重要？,需求,Software Release Manager,transformation,11.0,0.5,BU1,3.0,0.0,a2,1.0,Beijing,S7
你最喜欢的Whitewater工具是什么？,slack,Software Release Manager,others,12.0,0.5,BU1,3.0,0.0,a2,1.0,Beijing,S7
你最喜欢的Whitewater工具是什么？,zoom,Software Release Manager,others,12.0,0.5,BU1,3.0,0.0,a2,1.0,Beijing,S7
你希望工作环境发生的一个小改变是什么？,不把工作带回家,Software Release Manager,environment+agile,10.0,0.5,BU1,3.0,0.0,a2,1.0,Beijing,S7
你觉得IBM是技术导向的么？,技术再好，也得有市场有人用为前提.,Software Release Manager,IBM,3.0,0.5,BU1,3.0,0.0,a2,1.0,Beijing,S7
你认为你所在的产品或项目最需要什么人才，才能够成功？为什么？比如，深刻理解市场的产品经理，技术大牛，开发，测试，运维，销售等等？,深刻理解市场能够给team带来新机会的人，职位不限,Software Release Manager,project,4.0,0.5,BU1,3.0,0.0,a2,1.0,Beijing,S7
如何才能在Lab工作的每一天都有好心情,工作中很难保持好心情，但是一定要有目标，有成就感。,Software Release Manager,work,0.0,1.0,BU1,3.0,0.0,a2,1.0,Beijing,S7
Do you love IBM?,yes,Software Release Manager,IBM,3.0,1.0,BU1,3.0,0.0,a2,1.0,Beijing,S7
Any ideas on team building in Sep? To enjoy BJ's autumn,bbq,Software Release Manager,team,5.0,0.5,BU1,3.0,0.0,a2,1.0,Beijing,S7
先客观地问自己，我对目前整体的团队氛围满意吗？,好一些了，我写了blog记录team氛围的变化https://w3-connections.ibm.com/blogs/bjlyyue/entry/team_temperature_outcome_iteration_3?lang=en_us,Software Release Manager,team,5.0,0.5,BU1,3.0,0.0,a2,1.0,Beijing,S7
你觉得开源软件会带给企业什么改变？,cost saved.,Software Release Manager,open source,9.0,0.5,BU1,3.0,0.0,a2,1.0,Beijing,S7
你喜欢现在的工作模式吗？,"yes, just expect for evening meetings.",Software Release Manager,work,0.0,0.5,BU1,3.0,0.0,a2,1.0,Beijing,S7
你最不能忍受的功能是？ （登录慢， 表单填好不能submit，单选框不能点文字选中，etc.）,blocker都不能忍吧,Software Release Manager,others,12.0,0.0,BU1,3.0,0.0,a2,1.0,Beijing,S7
在你的工作范畴中，有可以接触到的技术大牛吗？是谁？,sun zhi gang,Software Release Manager,work+technique,7.0,0.5,BU1,3.0,0.0,a2,1.0,Beijing,S7
你是否有过开会厌烦症？让你厌烦开会的原因有哪些？,如果会议的outcome不明确，会议会很没有效率。,Software Release Manager,others,12.0,0.0,BU1,3.0,0.0,a2,1.0,Beijing,S7
你和你的团队现在士气如何？,最近3个季度好多了，参见我的blog - https://w3-connections.ibm.com/blogs/bjlyyue/entry/team_temperature_outcome_iteration_3?lang=en_us,Software Release Manager,team,5.0,0.5,BU1,3.0,0.0,a2,1.0,Beijing,S7
你参加过最大的项目，有多少人同时工作？,50,Software Release Manager,project,4.0,0.5,BU1,3.0,0.0,a2,1.0,Beijing,S7
你们团队最近一次对技术方案的热烈讨论是什么时候？,每个礼拜,Software Release Manager,team,5.0,0.5,BU1,3.0,0.0,a2,1.0,Beijing,S7
What is the most challenging thing in your work in the past 6 months?,team temperature,Software Release Manager,work,0.0,0.5,BU1,3.0,0.0,a2,1.0,Beijing,S7
你最近在忙什么？,1-1s.,Software Release Manager,others,12.0,0.5,BU1,3.0,0.0,a2,1.0,Beijing,S7
你觉得 invention disclosure 的意义在哪里？,锻炼思考,Software Release Manager,others,12.0,1.0,BU1,3.0,0.0,a2,1.0,Beijing,S7
"If you could take money from one part of the company and give it to another part of the company, what would you do?",use it to motivate the real talents,Software Release Manager,company management,1.0,0.6,BU1,3.0,0.0,a2,1.0,Beijing,S7
"在转型过程中,你觉得PM的角色应该如何转变才能继续存在下去呢?",pm could be iteration manager or business analyst based on their interest.,Software Release Manager,transformation,11.0,0.5,BU1,3.0,0.0,a2,1.0,Beijing,S7
你希望公司管理层（BUE及以上，包括CDL或CDL外）应该停止做什么（stop doing）？,正视自身的不足，放低姿态学习其他公司的长处，追求卓越。,Software Release Manager,company management,1.0,0.6666666666666666,BU1,3.0,0.0,a2,1.0,Beijing,S7
"你觉得现在的工作量分配,是否没有办法让你在正常的工时中保留创新的时间,而必须利用个人时间才能进行创新?",一个好的迭代计划，有可能让你安排好时间创新。参考这篇blog - https://w3-connections.ibm.com/blogs/bjlyyue/entry/making_our_iteration_planning_from_good_to_great?lang=en_us,Software Release Manager,work,0.0,1.0,BU1,3.0,0.0,a2,1.0,Beijing,S7
Is the working environment comfortable,so so.,Software Release Manager,environment+agile,10.0,0.5,BU1,3.0,0.0,a2,1.0,Beijing,S7
你们的项目中开发用的是什么tool来管理defect，RTC，Git，Bugzilla，或者其他?,rtc,Software Release Manager,project,4.0,0.5,BU1,3.0,0.0,a2,1.0,Beijing,S7
新技术的学习，目前有什么可以推荐的，谢谢！,机器学习,Software Release Manager,learn+technique,8.0,0.5,BU1,3.0,0.0,a2,1.0,Beijing,S7
你觉得 IBM 最需要改变的文化是什么?,激励,Software Release Manager,IBM,3.0,1.0,BU1,3.0,0.0,a2,1.0,Beijing,S7
"If you had $1,000,000 and you could not spend it on yourself, what would you do?",buy a new house,Software Release Manager,others,12.0,0.5681818181818181,BU1,3.0,0.0,a2,1.0,Beijing,S7
Do you like our new Agile Open Office?,还可以吧,Software Test Specialist,environment+agile,10.0,0.5,BU1,2.0,1.0,a3,0.0,Beijing,S2
我们新装修的Agile workspace， 你觉得还有味吗？,有,Software Test Specialist,environment+agile,10.0,0.5,BU1,2.0,1.0,a3,0.0,Beijing,S2
Who updates first in your stand up meeting? ,host,Software Test Specialist,others,12.0,0.5,BU1,2.0,1.0,a3,0.0,Beijing,S2
Who updates first in your stand up meeting? ,host,Software Test Specialist,others,12.0,0.5,BU1,2.0,1.0,a3,0.0,Beijing,S2
Who updates first in your stand up meeting? ,tester or dev,Software Test Specialist,others,12.0,0.5,BU1,2.0,1.0,a3,0.0,Beijing,S2
Do you like our new Agile Open Office?,i do not like it.,Software Developer,environment+agile,10.0,0.5,BU1,2.0,1.0,a3,1.0,Beijing,S2
Do you like our new Agile Open Office?,"yes, indeed.",Software Test Specialist,environment+agile,10.0,0.5,BU1,2.0,1.0,a3,0.0,Beijing,S2
IBM要转型成功，你认为是技术更重要，还是满足客户需求更重要？,这并非是二选一之类的问题， 而是一个双赢的问题和策略。技术的目的是为了满足客户的需求， 而客户的需求往往是杂乱而无序的， 有时候并不能反应真实的需求。所以技术也很重要， 用独立、强大的技术来吸引客户， 才能引导客户需求。引导而不是满足客户，这就是全部。,Software Designer,transformation,11.0,0.6,BU1,2.0,1.0,a3,1.0,Beijing,S5
你认为你所在的产品或项目最需要什么人才，才能够成功？为什么？比如，深刻理解市场的产品经理，技术大牛，开发，测试，运维，销售等等？,从敏捷的观点来看， 成功需要一个cross-function 的团队， 既需要技术大牛， 也需要深刻理解市场的产品经理， 最重要的，团队是一个充分授权的团队， 是一个self-motivated，self-managed的团队.耀眼的英雄的背后， 必然有一个强大的团队,Software Designer,project,4.0,1.0,BU1,2.0,1.0,a3,1.0,Beijing,S5
"David Kenny在上午的TownHall上说""Powerpoint is neither powerful or pointed"". 你怎么看？","the effect of the powerpoint may be dis-a-p-pointed. let powerpoint go hell, go to the first line, listen to the engineer and team, face the issues directly from both client and team. do not watch ppt  from morning to night, it is the power of agile",Software Designer,others,12.0,0.6416666666666666,BU1,2.0,1.0,a3,1.0,Beijing,S5
Who updates first in your stand up meeting? ,好,Software Designer,others,12.0,0.5,BU1,2.0,1.0,a3,1.0,Beijing,S5
CDL办公室管理的挑战：工作日有小朋友跟着家长来上班。一方面，学校放假期间小朋友不能自己呆在家里没有成年人照顾，这对家长来说是很难解决的问题。另一方面，实验室的工作环境和性质对 security 有很高的要求，不适合小朋友逗留。另外，小朋友的嘻闹会影响同事的工作，也时有发生小朋友损坏办公设备的情况，比如在昂贵的投影幕布上用马克笔涂涂画画。最重要的是，小朋友在办公区活动也有很大的安全隐患，比如摔伤、磕碰等等。综上，在这里想听听大家对这一问题的看法和建议。 ,可以参考有些公司的做法，比如sap，在办公室某个会议室设为为儿童活动区，有专门的志愿者轮流为孩子举办各种益智活动，玩具，让家长和孩子都过一个愉快的假期。,Software Developer,company management,1.0,1.0,BU1,2.0,1.0,a3,0.0,Xi'an,S4
我们新装修的Agile workspace， 你觉得还有味吗？,"有味道,时间长了嗓子还是不舒服",Software Developer,environment+agile,10.0,0.0,BU1,2.0,1.0,a2,1.0,Beijing,S7
Do you like our new Agile Open Office?,yes,Software Developer,environment+agile,10.0,1.0,BU1,2.0,1.0,a1,0.0,Beijing,S0
Who updates first in your stand up meeting? ,not sure,Software Developer,others,12.0,0.375,BU1,2.0,1.0,a1,0.0,Beijing,S0
"Dear IBMer, 你觉得你能够做些什么来让IBM重新在业界走上巅峰？",尽管ibm 拥有着非常棒的服务器和数据库产品，但是繁杂的配置和更新 让企业望而却步。我觉得ibm的产品应该轻装简行，重视企业服务核心价值,Software Developer,IBM,3.0,0.5,BU1,1.0,1.0,a1,1.0,Ningbo,S3
Do you like our new Agile Open Office?,喜欢,Software Developer,environment+agile,10.0,1.0,BU1,1.0,1.0,a1,0.0,Beijing,S0
"Dear IBMer, 你觉得你能够做些什么来让IBM重新在业界走上巅峰？",做好自己的工作,Software Developer,IBM,3.0,0.5,BU1,1.0,1.0,a1,0.0,Beijing,S0
Do you like our new Agile Open Office?,like very much,Software Developer,environment+agile,10.0,0.63,BU1,1.0,1.0,a1,0.0,Beijing,S0
我们新装修的Agile workspace， 你觉得还有味吗？,yes,Software Developer,environment+agile,10.0,0.5,BU1,1.0,1.0,a1,1.0,Beijing,S1
说到工程师文化，你想到的前三个词是什么？例如： 自由，效率，平等，尊重，信任，创新，简化流程，快速迭代，一切以解决问题为导向等等,"自由, 创新, 效率",Software Architect,engineer,6.0,1.0,BU10,5.0,1.0,a5,1.0,Shanghai,S12
Pls recommend the most effective open technology skill development approach you believe,"microservice, continuous integration, 100% automation, docker",Software Architect,open source,9.0,0.5,BU10,5.0,1.0,a5,1.0,Shanghai,S12
"Dear IBMer, 你觉得你能够做些什么来让IBM重新在业界走上巅峰？",do not complain. focus on what you can control.,Software Architect,IBM,3.0,0.5,BU10,5.0,1.0,a4,1.0,Shanghai,S14
IBM要转型成功，你认为是技术更重要，还是满足客户需求更重要？,customer need first - based on today's environment that usually represents a technical challenge for us,Software Architect,transformation,11.0,0.5,BU10,5.0,1.0,a4,1.0,Shanghai,S14
你最喜欢的Whitewater工具是什么？,"git, slack, safari books online",Software Architect,others,12.0,0.5,BU10,5.0,1.0,a4,1.0,Shanghai,S14
你觉得IBM是技术导向的么？,we are not and should be.,Software Architect,IBM,3.0,0.5,BU10,5.0,1.0,a4,1.0,Shanghai,S14
你认为你所在的产品或项目最需要什么人才，才能够成功？为什么？比如，深刻理解市场的产品经理，技术大牛，开发，测试，运维，销售等等？,这些人才都需要啊，任何成功的产品都离不开这些角色的分工配合，再加上些许运气。,Software Architect,project,4.0,1.0,BU10,5.0,1.0,a4,1.0,Shanghai,S14
如何才能在Lab工作的每一天都有好心情,to fell in love with what're you are doing.,Software Architect,work,0.0,0.75,BU10,5.0,1.0,a4,1.0,Shanghai,S14
Pls recommend the most effective open technology skill development approach you believe,to learn from project - real projects. also i found safari books online is a very good resource to learn new technologies.,Software Architect,open source,9.0,0.7077272727272726,BU10,5.0,1.0,a4,1.0,Shanghai,S14
你最喜欢的Whitewater工具是什么？,"slack, git",Software Release Manager,others,12.0,0.5,BU10,4.0,0.0,a5,1.0,Beijing,S17
你希望公司管理层（BUE及以上，包括CDL或CDL外）应该继续做什么（keep doing）？,test,Software Developer,company management,1.0,0.5,BU10,3.0,0.0,a4,1.0,Shanghai,S8
CDL办公室管理的挑战：工作日有小朋友跟着家长来上班。一方面，学校放假期间小朋友不能自己呆在家里没有成年人照顾，这对家长来说是很难解决的问题。另一方面，实验室的工作环境和性质对 security 有很高的要求，不适合小朋友逗留。另外，小朋友的嘻闹会影响同事的工作，也时有发生小朋友损坏办公设备的情况，比如在昂贵的投影幕布上用马克笔涂涂画画。最重要的是，小朋友在办公区活动也有很大的安全隐患，比如摔伤、磕碰等等。综上，在这里想听听大家对这一问题的看法和建议。 ,我倾向于赞成带小朋友进公司，通常出现这种情况是因为实在没办法。但对我们公司员工家长提出更高的要求：签订相关协议，固定活动区域，不影响工作环境。,Project Manager,company management,1.0,1.0,BU10,3.0,0.0,a4,1.0,Shanghai,S8
Pls recommend the most effective open technology skill development approach you believe,"automation, cicd, microservice, vagrant, maven",Project Manager,open source,9.0,0.5,BU10,3.0,0.0,a4,1.0,Shanghai,S8
CDL办公室管理的挑战：工作日有小朋友跟着家长来上班。一方面，学校放假期间小朋友不能自己呆在家里没有成年人照顾，这对家长来说是很难解决的问题。另一方面，实验室的工作环境和性质对 security 有很高的要求，不适合小朋友逗留。另外，小朋友的嘻闹会影响同事的工作，也时有发生小朋友损坏办公设备的情况，比如在昂贵的投影幕布上用马克笔涂涂画画。最重要的是，小朋友在办公区活动也有很大的安全隐患，比如摔伤、磕碰等等。综上，在这里想听听大家对这一问题的看法和建议。 ,堵不如疏，单位应该设置专门供孩子玩耍或者看书的地方，最好派专人陪护一下;或者可以考虑由公司出面在寒暑假的时候在公司附近租个地方集中办个托管班，家长支付一定费用。,Software Test Specialist,company management,1.0,1.0,BU10,3.0,1.0,a4,1.0,Beijing,S9
CDL办公室管理的挑战：工作日有小朋友跟着家长来上班。一方面，学校放假期间小朋友不能自己呆在家里没有成年人照顾，这对家长来说是很难解决的问题。另一方面，实验室的工作环境和性质对 security 有很高的要求，不适合小朋友逗留。另外，小朋友的嘻闹会影响同事的工作，也时有发生小朋友损坏办公设备的情况，比如在昂贵的投影幕布上用马克笔涂涂画画。最重要的是，小朋友在办公区活动也有很大的安全隐患，比如摔伤、磕碰等等。综上，在这里想听听大家对这一问题的看法和建议。 ,"providing an area in office for these kids maybe better. found some volunteers to take care of them, maybe their parents would like to pay some money for this.",Software Developer,company management,1.0,0.75,BU10,3.0,1.0,a3,1.0,Beijing,S9
CDL办公室管理的挑战：工作日有小朋友跟着家长来上班。一方面，学校放假期间小朋友不能自己呆在家里没有成年人照顾，这对家长来说是很难解决的问题。另一方面，实验室的工作环境和性质对 security 有很高的要求，不适合小朋友逗留。另外，小朋友的嘻闹会影响同事的工作，也时有发生小朋友损坏办公设备的情况，比如在昂贵的投影幕布上用马克笔涂涂画画。最重要的是，小朋友在办公区活动也有很大的安全隐患，比如摔伤、磕碰等等。综上，在这里想听听大家对这一问题的看法和建议。 ,假期组织统一托管班,Software Developer,company management,1.0,1.0,BU10,3.0,1.0,a3,0.0,Beijing,S11
Pls recommend the most effective open technology skill development approach you believe,i think github.com/github.ibm.com is a very good resource to learn new technologies,Software Developer,open source,9.0,0.7615909090909091,BU10,3.0,1.0,a2,1.0,Shanghai,S8
CDL办公室管理的挑战：工作日有小朋友跟着家长来上班。一方面，学校放假期间小朋友不能自己呆在家里没有成年人照顾，这对家长来说是很难解决的问题。另一方面，实验室的工作环境和性质对 security 有很高的要求，不适合小朋友逗留。另外，小朋友的嘻闹会影响同事的工作，也时有发生小朋友损坏办公设备的情况，比如在昂贵的投影幕布上用马克笔涂涂画画。最重要的是，小朋友在办公区活动也有很大的安全隐患，比如摔伤、磕碰等等。综上，在这里想听听大家对这一问题的看法和建议。 ,带孩子来的一般都是万不得已，尤其是寒暑假期间，家里有点事没人带孩子可公司还有事情，那带孩子来可以理解。控制下噪音就行了。其实公司完全可以在寒暑假临时组织一个内部托班，公司找人和场地或者联系外面的托班，员工交钱。,Software Test Specialist,company management,1.0,0.5,BU10,3.0,1.0,a2,1.0,Beijing,S6
CDL办公室管理的挑战：工作日有小朋友跟着家长来上班。一方面，学校放假期间小朋友不能自己呆在家里没有成年人照顾，这对家长来说是很难解决的问题。另一方面，实验室的工作环境和性质对 security 有很高的要求，不适合小朋友逗留。另外，小朋友的嘻闹会影响同事的工作，也时有发生小朋友损坏办公设备的情况，比如在昂贵的投影幕布上用马克笔涂涂画画。最重要的是，小朋友在办公区活动也有很大的安全隐患，比如摔伤、磕碰等等。综上，在这里想听听大家对这一问题的看法和建议。 ,1. 我没有觉得带的小朋友对我们有什么影响，反而觉得挺好的 2. 安全问题公司可以声明出了问题家长自付，与公司无关 3. 我觉得若不是不得已没人看，家长是不愿意带孩子来的，公司若不同意就只能在家办公了，这会影响和同事的交流 4. 澳洲国会都允许边发言边给孩子喂奶，带着能自理的孩子上班有什么大不了的,Software Developer,company management,1.0,0.3333333333333333,BU10,3.0,1.0,a2,0.0,Beijing,S6
CDL办公室管理的挑战：工作日有小朋友跟着家长来上班。一方面，学校放假期间小朋友不能自己呆在家里没有成年人照顾，这对家长来说是很难解决的问题。另一方面，实验室的工作环境和性质对 security 有很高的要求，不适合小朋友逗留。另外，小朋友的嘻闹会影响同事的工作，也时有发生小朋友损坏办公设备的情况，比如在昂贵的投影幕布上用马克笔涂涂画画。最重要的是，小朋友在办公区活动也有很大的安全隐患，比如摔伤、磕碰等等。综上，在这里想听听大家对这一问题的看法和建议。 ,1. 我没有觉得带的小朋友对我们有什么影响，反而觉得挺好的 2. 安全问题公司可以声明出了问题家长自付，与公司无关 3. 我觉得若不是不得已没人看，家长是不愿意带孩子来的，公司若不同意就只能在家办公了，这会影响和同事的交流 4. 澳洲国会都允许边发言边给孩子喂奶，带着能自理的孩子上班有什么大不了的,Software Developer,company management,1.0,0.3333333333333333,BU10,3.0,1.0,a2,0.0,Beijing,S6
Pls recommend the most effective open technology skill development approach you believe,您的回答内容,Software Developer,open source,9.0,0.5,BU10,2.0,1.0,a3,1.0,Shanghai,S9
CDL办公室管理的挑战：工作日有小朋友跟着家长来上班。一方面，学校放假期间小朋友不能自己呆在家里没有成年人照顾，这对家长来说是很难解决的问题。另一方面，实验室的工作环境和性质对 security 有很高的要求，不适合小朋友逗留。另外，小朋友的嘻闹会影响同事的工作，也时有发生小朋友损坏办公设备的情况，比如在昂贵的投影幕布上用马克笔涂涂画画。最重要的是，小朋友在办公区活动也有很大的安全隐患，比如摔伤、磕碰等等。综上，在这里想听听大家对这一问题的看法和建议。 ,如果不想让带就制定policy和处罚措施，如果让带就做好准备和陪护工作,Software Test Specialist,company management,1.0,0.0,BU10,2.0,1.0,a3,0.0,Beijing,S6
Pls recommend the most effective open technology skill development approach you believe,agree,Software Developer,open source,9.0,0.5,BU10,2.0,1.0,a2,1.0,Shanghai,S9
工程师的日常生活里，你觉得甚么最需要去改变？(e.g. 工作态度，社交活动，生活习惯，创新思考，保持热忱... 等，请自由发挥),生活学习的规律以及对技术的热忱,Software Developer,engineer,6.0,1.0,BU10,1.0,1.0,a1,1.0,Shanghai,S1
"Dear IBMer, 你觉得你能够做些什么来让IBM重新在业界走上巅峰？",几年前ibm押注在ai和云计算。但是从当前的情况来看并不乐观，很重要一点方向定为这两个方向需要大量的用户以及数据。然而ibm依然最大的客户是企业而不是一般的客户，导致我们数据及其缺失。我始终认为ibm是一家最缺少数据的ai公司，这一点相比于互联网公司是极大的劣势。在未来我觉得ibm可以从tob到toc逐渐转换，在未来谁拥有更多的数据才有更大的优势。,Software Developer,IBM,3.0,0.45454545454545453,BU10,1.0,1.0,a1,1.0,Shanghai,S1
IBM要转型成功，你认为是技术更重要，还是满足客户需求更重要？,同等重要。ibm本身应该是一个技术驱动型公司，对于新的技术应该积极推动拥抱。其次关于客户体验，当然重要。如果客户体验不好，那么会导致客户流失，必然公司的盈利会受到影响。作为一家最求极致产品的公司，这一点也不可忽视,Software Developer,transformation,11.0,0.5833333333333334,BU10,1.0,1.0,a1,1.0,Shanghai,S1
Do you love IBM?,love！！！,Software Developer,IBM,3.0,0.5,BU10,1.0,1.0,a1,1.0,Shanghai,S1
让你留在IBM的三个原因是什么？,1.妹子2.妹子3.妹子,Software Developer,IBM,3.0,0.5,BU10,1.0,1.0,a1,1.0,Shanghai,S1
你是否有过开会厌烦症？让你厌烦开会的原因有哪些？,确实比较厌烦，我觉得每天开会过于频繁，而且每天开会的时间都在半小时以上，所以希望能够减少开会的频次以及时间,Software Developer,others,12.0,0.2,BU10,1.0,1.0,a1,1.0,Shanghai,S1
"如果开放每个礼拜五可以带毛小孩上班来增加公司活力,你要带什么?",我目前没有小孩，所以我带个毛，哈哈,Software Developer,company management,1.0,1.0,BU10,1.0,1.0,a1,1.0,Shanghai,S1
画质最好的FC(红白机)游戏有哪些？,热血系列，赤影战士，忍龙等,Software Developer,others,12.0,1.0,BU10,1.0,1.0,a1,1.0,Shanghai,S1
至今仍有人以为我们是卖电脑和修电脑的，你怎么看？,说明近十年ibm并没有非常出色的产品，在大众面前的活跃度很低，导致外界一直还以为我们是之前的卖电脑的公司，我觉的这是一个很严肃的问题，需要每一个ibmer去深思,Software Developer,others,12.0,0.0,BU10,1.0,1.0,a1,1.0,Shanghai,S1
"Dear IBMer, 你觉得你能够做些什么来让IBM重新在业界走上巅峰？",专注做出一两个拳头产品；找出scale的方式在市场上卖,Functional Manager,IBM,3.0,1.0,BU11,6.0,0.0,a5,0.0,Beijing,S22
CDL办公室管理的挑战：工作日有小朋友跟着家长来上班。一方面，学校放假期间小朋友不能自己呆在家里没有成年人照顾，这对家长来说是很难解决的问题。另一方面，实验室的工作环境和性质对 security 有很高的要求，不适合小朋友逗留。另外，小朋友的嘻闹会影响同事的工作，也时有发生小朋友损坏办公设备的情况，比如在昂贵的投影幕布上用马克笔涂涂画画。最重要的是，小朋友在办公区活动也有很大的安全隐患，比如摔伤、磕碰等等。综上，在这里想听听大家对这一问题的看法和建议。 ,建议公司可以提供一个公共的区域给来公司的小朋友。,Software Release Manager,company management,1.0,0.5,BU11,4.0,0.0,a4,0.0,Beijing,S10
你希望工作环境发生的一个小改变是什么？,可升降的办公桌，我们可以选择站着活着坐着工作。,Software Release Manager,environment+agile,10.0,1.0,BU11,4.0,0.0,a4,0.0,Beijing,S10
Is the working environment comfortable,需要刷卡的门可以改成类似地铁站的那种吗？这样的话，不用老是用保安站在门口check，大家花很多时间去统计，管理。。。。,Software Release Manager,environment+agile,10.0,0.5,BU11,4.0,0.0,a4,0.0,Beijing,S10
 如果有的话，是什么激励着你每天充满热情来上班？或者现在没有，但如果有的话，你期待是什么？,把产品做的越来越完美,Software Architect,work,0.0,1.0,BU11,4.0,1.0,a4,1.0,Beijing,S11
 如果有的话，是什么激励着你每天充满热情来上班？或者现在没有，但如果有的话，你期待是什么？,"after completing some work, get recognition on the value of this work",Software Release Manager,work,0.0,0.5,BU11,4.0,0.0,a3,0.0,Shanghai,S12
工程师的日常生活里，你觉得甚么最需要去改变？(e.g. 工作态度，社交活动，生活习惯，创新思考，保持热忱... 等，请自由发挥),什么最需要改变，这个实在是因人而异的,Technical Support Professional,engineer,6.0,0.5,BU11,3.0,1.0,a3,1.0,Beijing,S4
你希望工作环境发生的一个小改变是什么？,环宇三楼的运动区域能增加一些新的运动器材，目前的太少、太旧了,Technical Support Professional,environment+agile,10.0,0.5,BU11,3.0,1.0,a3,1.0,Beijing,S4
你觉得IBM是技术导向的么？,感觉ibm更像是流程导向的,Technical Support Professional,IBM,3.0,0.5,BU11,3.0,1.0,a3,1.0,Beijing,S4
如何才能在Lab工作的每一天都有好心情,每天都有好心情似乎不太现实，在哪个公司都不太可能，心态放平和就好,Technical Support Professional,work,0.0,1.0,BU11,3.0,1.0,a3,1.0,Beijing,S4
你最想在工作上做的一个转变（Transformation）是什么，不限于职业规划的转变，可以扩展到你的知识技能体系，工作习惯，沟通管理方式等方面的转变,提升专注度和效率,Technical Support Professional,transformation,11.0,1.0,BU11,3.0,1.0,a3,1.0,Beijing,S4
你最想在工作上做的一个转变（Transformation）是什么，不限于职业规划的转变，可以扩展到你的知识技能体系，工作习惯，沟通管理方式等方面的转变,涨工资,Technical Support Professional,transformation,11.0,0.5,BU11,3.0,1.0,a3,1.0,Beijing,S4
先客观地问自己，我对目前整体的团队氛围满意吗？,卡拉ok,Technical Support Professional,team,5.0,0.5,BU11,3.0,1.0,a3,1.0,Beijing,S4
先客观地问自己，我对目前整体的团队氛围满意吗？,"卡拉ok, 对团队活动能接受aa",Technical Support Professional,team,5.0,1.0,BU11,3.0,1.0,a3,1.0,Beijing,S4
让你留在IBM的三个原因是什么？,values (ibm的价值观),Technical Support Professional,IBM,3.0,0.5,BU11,3.0,1.0,a3,1.0,Beijing,S4
你觉得这次使用API来回答问题的活动怎么样? 有culture transformation的感觉吗?,原来用get /answers这个api可以获取某一个问题的所有回答，还不错,Technical Support Professional,jam/api/openwhisk,13.0,1.0,BU11,3.0,1.0,a3,1.0,Beijing,S4
你觉得这次使用API来回答问题的活动怎么样? 有culture transformation的感觉吗?,没体会到什么cultrue transformation的感觉,Technical Support Professional,jam/api/openwhisk,13.0,0.5,BU11,3.0,1.0,a3,1.0,Beijing,S4
你用的最多的开源项目是什么？ （Tomcat， Hibernate， Spring， jQuery， etc.）,openstack,Technical Support Professional,open source,9.0,0.5,BU11,3.0,1.0,a3,1.0,Beijing,S4
过去一周里工作中最让你有成就感的事是什么？,第一次完成一个客户的o2c流程,Software Developer,work,0.0,0.5,BU11,3.0,0.0,a3,0.0,Beijing,S10
IBM要转型成功，你认为是技术更重要，还是满足客户需求更重要？,作为一家科技公司，应该是技术先导，而不是跟随别人。用积累的技术更好的服务客户来创造利润。,Software Developer,transformation,11.0,1.0,BU11,3.0,1.0,a3,1.0,Beijing,S12
你认为你所在的产品或项目最需要什么人才，才能够成功？为什么？比如，深刻理解市场的产品经理，技术大牛，开发，测试，运维，销售等等？,需要具体做事，把事情交给他能拿到结果的人，而不是仅仅指挥别人做事的人。,Software Developer,project,4.0,0.5,BU11,3.0,1.0,a3,1.0,Beijing,S12
IBM要转型成功，你认为是技术更重要，还是满足客户需求更重要？,技术。如果技术不领先，谈何满足客户需求。技术足够领先的情况下，甚至可以创造客户需求。,Information Architect,transformation,11.0,0.75,BU11,2.0,1.0,a1,1.0,Beijing,S0
你希望工作环境发生的一个小改变是什么？,希望速溶咖啡有黑咖啡，比如雀巢醇品，不但比三合一还便宜，而且更健康,Information Architect,environment+agile,10.0,1.0,BU11,2.0,1.0,a1,1.0,Beijing,S0
CDL办公室管理的挑战：工作日有小朋友跟着家长来上班。一方面，学校放假期间小朋友不能自己呆在家里没有成年人照顾，这对家长来说是很难解决的问题。另一方面，实验室的工作环境和性质对 security 有很高的要求，不适合小朋友逗留。另外，小朋友的嘻闹会影响同事的工作，也时有发生小朋友损坏办公设备的情况，比如在昂贵的投影幕布上用马克笔涂涂画画。最重要的是，小朋友在办公区活动也有很大的安全隐患，比如摔伤、磕碰等等。综上，在这里想听听大家对这一问题的看法和建议。 ,有损失赔偿啊，大禹治水，堵不如疏，放任也不可能，应该制定相关规则。别跟某国政府似的，出事儿就禁止。,Software Developer,company management,1.0,0.0,BU12,4.0,1.0,a4,1.0,Beijing,S11
工程师的日常生活里，你觉得甚么最需要去改变？(e.g. 工作态度，社交活动，生活习惯，创新思考，保持热忱... 等，请自由发挥),人生该怎么过， 另外怎么感觉有人同样的答案刷分而已。。。,Software Developer,engineer,6.0,0.5,BU12,4.0,1.0,a4,1.0,Beijing,S11
你喜欢下午茶吗?请列出你喜欢的种类，或许不久公司会实现哦,铁观音,Software Developer,company management,1.0,0.5,BU12,4.0,1.0,a4,1.0,Beijing,S11
CDL办公室管理的挑战：工作日有小朋友跟着家长来上班。一方面，学校放假期间小朋友不能自己呆在家里没有成年人照顾，这对家长来说是很难解决的问题。另一方面，实验室的工作环境和性质对 security 有很高的要求，不适合小朋友逗留。另外，小朋友的嘻闹会影响同事的工作，也时有发生小朋友损坏办公设备的情况，比如在昂贵的投影幕布上用马克笔涂涂画画。最重要的是，小朋友在办公区活动也有很大的安全隐患，比如摔伤、磕碰等等。综上，在这里想听听大家对这一问题的看法和建议。 ,太小的孩子有可能会有问题。对于稍大的孩子有一定的自控能力，还是可以带进公司的。,Software Developer,company management,1.0,1.0,BU12,4.0,1.0,a3,1.0,Xi'an,S10
除了项目以外， 你一周学习新技术的时间有多少？比如：一周1个小时，一周4个小时，一周10个小时，等等？,每天至少一个小时,Software Developer,learn+technique,8.0,0.5,BU12,3.0,1.0,a4,1.0,Beijing,S8
说到工程师文化，你想到的前三个词是什么？例如： 自由，效率，平等，尊重，信任，创新，简化流程，快速迭代，一切以解决问题为导向等等,分享，信任，创新,Software Developer,engineer,6.0,1.0,BU12,3.0,1.0,a4,1.0,Beijing,S8
CDL办公室管理的挑战：工作日有小朋友跟着家长来上班。一方面，学校放假期间小朋友不能自己呆在家里没有成年人照顾，这对家长来说是很难解决的问题。另一方面，实验室的工作环境和性质对 security 有很高的要求，不适合小朋友逗留。另外，小朋友的嘻闹会影响同事的工作，也时有发生小朋友损坏办公设备的情况，比如在昂贵的投影幕布上用马克笔涂涂画画。最重要的是，小朋友在办公区活动也有很大的安全隐患，比如摔伤、磕碰等等。综上，在这里想听听大家对这一问题的看法和建议。 ,item 3 is selected,Software Developer,company management,1.0,0.5,BU12,3.0,1.0,a2,1.0,Xi'an,S8
CDL办公室管理的挑战：工作日有小朋友跟着家长来上班。一方面，学校放假期间小朋友不能自己呆在家里没有成年人照顾，这对家长来说是很难解决的问题。另一方面，实验室的工作环境和性质对 security 有很高的要求，不适合小朋友逗留。另外，小朋友的嘻闹会影响同事的工作，也时有发生小朋友损坏办公设备的情况，比如在昂贵的投影幕布上用马克笔涂涂画画。最重要的是，小朋友在办公区活动也有很大的安全隐患，比如摔伤、磕碰等等。综上，在这里想听听大家对这一问题的看法和建议。 ,建议签署格式协议，规避相关伤害风险，统一将孩子集中在固定区域，对于有娃一族，能理解偶尔带孩子来公司，但公司目前确实缺少相关明确的规范制度和工作流程。,Software Performance Analyst,company management,1.0,0.5,BU12,2.0,1.0,a4,1.0,Beijing,S2
"Dear IBMer, 你觉得你能够做些什么来让IBM重新在业界走上巅峰？",量子计算,Software Developer,IBM,3.0,0.5,BU12,2.0,1.0,a3,0.0,Xi'an,S7
CDL办公室管理的挑战：工作日有小朋友跟着家长来上班。一方面，学校放假期间小朋友不能自己呆在家里没有成年人照顾，这对家长来说是很难解决的问题。另一方面，实验室的工作环境和性质对 security 有很高的要求，不适合小朋友逗留。另外，小朋友的嘻闹会影响同事的工作，也时有发生小朋友损坏办公设备的情况，比如在昂贵的投影幕布上用马克笔涂涂画画。最重要的是，小朋友在办公区活动也有很大的安全隐患，比如摔伤、磕碰等等。综上，在这里想听听大家对这一问题的看法和建议。 ,我觉得挺好的啊，办公室看见小朋友很有爱。当然，如果能组织小朋友们雇佣专人看护就更好了，我相信大部分同事交钱也愿意的。,Software Developer,company management,1.0,1.0,BU12,2.0,1.0,a2,0.0,Beijing,S6
CDL办公室管理的挑战：工作日有小朋友跟着家长来上班。一方面，学校放假期间小朋友不能自己呆在家里没有成年人照顾，这对家长来说是很难解决的问题。另一方面，实验室的工作环境和性质对 security 有很高的要求，不适合小朋友逗留。另外，小朋友的嘻闹会影响同事的工作，也时有发生小朋友损坏办公设备的情况，比如在昂贵的投影幕布上用马克笔涂涂画画。最重要的是，小朋友在办公区活动也有很大的安全隐患，比如摔伤、磕碰等等。综上，在这里想听听大家对这一问题的看法和建议。 ,可以带孩子来上班，建议把需要在公司的孩子统一管理起来，建立几个孩子角，让宝宝可以学习或者娱乐。可以员工中寻找志愿者，帮着管理孩子。,Software Developer,company management,1.0,1.0,BU12,2.0,1.0,a2,0.0,Xi'an,S4
CDL办公室管理的挑战：工作日有小朋友跟着家长来上班。一方面，学校放假期间小朋友不能自己呆在家里没有成年人照顾，这对家长来说是很难解决的问题。另一方面，实验室的工作环境和性质对 security 有很高的要求，不适合小朋友逗留。另外，小朋友的嘻闹会影响同事的工作，也时有发生小朋友损坏办公设备的情况，比如在昂贵的投影幕布上用马克笔涂涂画画。最重要的是，小朋友在办公区活动也有很大的安全隐患，比如摔伤、磕碰等等。综上，在这里想听听大家对这一问题的看法和建议。 ,可以腾出一间会议室设计成小书屋，专门供在公司的小朋友呆的地方,Software Test Specialist,company management,1.0,1.0,BU12,2.0,1.0,a2,0.0,Xi'an,S7
CDL办公室管理的挑战：工作日有小朋友跟着家长来上班。一方面，学校放假期间小朋友不能自己呆在家里没有成年人照顾，这对家长来说是很难解决的问题。另一方面，实验室的工作环境和性质对 security 有很高的要求，不适合小朋友逗留。另外，小朋友的嘻闹会影响同事的工作，也时有发生小朋友损坏办公设备的情况，比如在昂贵的投影幕布上用马克笔涂涂画画。最重要的是，小朋友在办公区活动也有很大的安全隐患，比如摔伤、磕碰等等。综上，在这里想听听大家对这一问题的看法和建议。 ,开辟专门的地方来给娃，这样集中管理,Software Developer,company management,1.0,1.0,BU12,2.0,1.0,a2,1.0,Xi'an,S9
CDL办公室管理的挑战：工作日有小朋友跟着家长来上班。一方面，学校放假期间小朋友不能自己呆在家里没有成年人照顾，这对家长来说是很难解决的问题。另一方面，实验室的工作环境和性质对 security 有很高的要求，不适合小朋友逗留。另外，小朋友的嘻闹会影响同事的工作，也时有发生小朋友损坏办公设备的情况，比如在昂贵的投影幕布上用马克笔涂涂画画。最重要的是，小朋友在办公区活动也有很大的安全隐患，比如摔伤、磕碰等等。综上，在这里想听听大家对这一问题的看法和建议。 ,带孩子过来可以理解，只是希望某些家长不要以 “你们有孩子了就懂了” 为理由，让这件事变成理所当然的，打扰别人就是打扰了别人，在任何场合都一样。,Software Developer,company management,1.0,0.25,BU12,2.0,1.0,a1,1.0,Beijing,S1
你觉得 IBM 最需要改变的文化是什么?,test answer.,Software Developer,IBM,3.0,0.5,BU12,1.0,1.0,a1,1.0,Beijing,S1
除了项目以外， 你一周学习新技术的时间有多少？比如：一周1个小时，一周4个小时，一周10个小时，等等？,5h per week,Customer / Partner Engagement,learn+technique,8.0,0.5,BU13,4.0,0.0,a6,0.0,Shanghai,S18
你希望工作环境发生的一个小改变是什么？,曾在招行数据中心出差， 发现他们会定点放眼保健操和广播体操的音乐，大部分人养成习惯做操。 长期养成这样的习惯，无疑对预防我们工程师颈椎、腰椎和视力问题会大大有益，并且也彰显公司对员工的关心,Customer / Partner Engagement,environment+agile,10.0,1.0,BU13,4.0,0.0,a6,0.0,Shanghai,S18
除了项目以外， 你一周学习新技术的时间有多少？比如：一周1个小时，一周4个小时，一周10个小时，等等？,每月5个小时,Technical Support Professional,learn+technique,8.0,0.5,BU13,3.0,1.0,a3,1.0,Beijing,S9
说到工程师文化，你想到的前三个词是什么？例如： 自由，效率，平等，尊重，信任，创新，简化流程，快速迭代，一切以解决问题为导向等等,"自由,高效,精益求精",Technical Support Professional,engineer,6.0,1.0,BU13,3.0,1.0,a3,1.0,Beijing,S9
你希望工作环境发生的一个小改变是什么？,大家都付起责任，日行一善，争取让问题到我为止,Technical Support Professional,environment+agile,10.0,0.5,BU13,3.0,1.0,a3,1.0,Beijing,S9
你觉得IBM是技术导向的么？,我们自我认识是技术导向，可是业界不怎么认同，因为太多卖钱的技术代码都是封闭的 :( 我觉得算是业务导向的,Technical Support Professional,IBM,3.0,0.3333333333333333,BU13,3.0,1.0,a3,1.0,Beijing,S9
如何才能在Lab工作的每一天都有好心情,微笑面对每一个遇到的人，少接触负面信息，在工作中寻找、分享点滴快乐,Technical Support Professional,work,0.0,0.6666666666666666,BU13,3.0,1.0,a3,1.0,Beijing,S9
你心目中的技术大牛是谁？那项技术？为什么？,15年前设计开发domino 代理的julie kadashevich，还有现在domino 开发 lead:mike killoran，对产品很负责任，视同己出,Technical Support Professional,technique,2.0,1.0,BU13,3.0,1.0,a3,1.0,Beijing,S9
Do you love IBM?,当然，不然早就走了,Technical Support Professional,IBM,3.0,0.5,BU13,3.0,1.0,a3,1.0,Beijing,S9
先客观地问自己，我对目前整体的团队氛围满意吗？,记得《实习生》里每当收到客户的满意评价，办公室会响起欢快的铃声，我们也可以仿效。还有生日蛋糕，一年买它12个，也花不了太多钱。,Technical Support Professional,team,5.0,1.0,BU13,3.0,1.0,a3,1.0,Beijing,S9
让你留在IBM的三个原因是什么？,明确的发展方向，友善的领导，关键时刻团结的队伍,Technical Support Professional,IBM,3.0,1.0,BU13,3.0,1.0,a3,1.0,Beijing,S9
你觉得开源软件会带给企业什么改变？,钱从哪里来？,Technical Support Professional,open source,9.0,0.5,BU13,3.0,1.0,a3,1.0,Beijing,S9
What u like the most about the work and what you hate the most?,i love to share things and hate people pushing back when they have more work than others,Technical Support Professional,work,0.0,0.525,BU13,3.0,1.0,a3,1.0,Beijing,S9
在你的工作范畴中，有可以接触到的技术大牛吗？是谁？,白炯心，李菲，这两位都是lotus万事ok的前辈大牛,Technical Support Professional,work+technique,7.0,0.5,BU13,3.0,1.0,a3,1.0,Beijing,S9
你有机会应用你喜欢的技术到你的日常开发中吗？,目前没有机会涉及开发，有时间要练习前端jquery框架和python做数据爬虫,Technical Support Professional,technique,2.0,0.5,BU13,3.0,1.0,a3,1.0,Beijing,S9
最近一个月，哪件上班时发生的小事让你觉得苦恼？,有个很卖力的同事得了癌症，还在三次化疗,Technical Support Professional,work,0.0,0.5,BU13,3.0,1.0,a3,1.0,Beijing,S9
你希望公司管理层（BUE及以上，包括CDL或CDL外）应该继续做什么（keep doing）？,定期与基层员工座谈，了解心声民意，传递正面积极的声音,Technical Support Professional,company management,1.0,1.0,BU13,3.0,1.0,a3,1.0,Beijing,S9
你是否有过开会厌烦症？让你厌烦开会的原因有哪些？,开始时间过了前面的人不走，该来的人不来，到结束时间了不能按时结束,Technical Support Professional,others,12.0,0.0,BU13,3.0,1.0,a3,1.0,Beijing,S9
你们团队最近一次对技术方案的热烈讨论是什么时候？,不定期的讨论交流经常都有吧，1个月内,Technical Support Professional,team,5.0,0.5,BU13,3.0,1.0,a3,1.0,Beijing,S9
阻碍你每天能够高效完成工作的原因有哪些?,同事时常跑过来问问题，不管我是不是在忙,Technical Support Professional,work,0.0,0.5,BU13,3.0,1.0,a3,1.0,Beijing,S9
为了保证源代码的安全性，你有什么建议或者办法？ ,我不知道，我被scmon误伤过,Technical Support Professional,others,12.0,0.5,BU13,3.0,1.0,a3,1.0,Beijing,S9
你喜欢下午茶吗?请列出你喜欢的种类，或许不久公司会实现哦,水果，蛋糕，甜点,Technical Support Professional,company management,1.0,0.5,BU13,3.0,1.0,a3,1.0,Beijing,S9
我们怎么做能够帮助IBM成功？,瞄准公司战略转型的需要，坚持学习积蓄力量，时刻准备贡献,Technical Support Professional,IBM,3.0,1.0,BU13,3.0,1.0,a3,1.0,Beijing,S9
"你觉得现在的工作量分配,是否没有办法让你在正常的工时中保留创新的时间,而必须利用个人时间才能进行创新?",是，但这不是问题，keep personal interest也就意味着要把在家的时间用来学习和创新,Technical Support Professional,work,0.0,0.5,BU13,3.0,1.0,a3,1.0,Beijing,S9
新技术的学习，目前有什么可以推荐的，谢谢！,从目标职位的job description开始，按照自己的短板，去your learning看看有没有什么可以学习的,Technical Support Professional,learn+technique,8.0,0.5,BU13,3.0,1.0,a3,1.0,Beijing,S9
你觉得 IBM 最需要改变的文化是什么?,必须改变画地为牢，事不关己高高挂起的心态，用户和合作伙伴不要听你讲流程、局限性，只要尽力帮助得到他们想要的结果,Technical Support Professional,IBM,3.0,0.5,BU13,3.0,1.0,a3,1.0,Beijing,S9
What comprises an organization's culture?,员工受到关注，被认可的行为,Technical Support Professional,company management,1.0,1.0,BU13,3.0,1.0,a3,1.0,Beijing,S9
抛开优势不谈，您认为我们BU目前有什么不足？您有何建议？,两个产品线integration的问题，常常会被推来推去,Technical Support Professional,company management,1.0,0.5,BU13,3.0,1.0,a3,1.0,Beijing,S9
工程师的日常生活里，你觉得甚么最需要去改变？(e.g. 工作态度，社交活动，生活习惯，创新思考，保持热忱... 等，请自由发挥),保持好奇，坚持锻炼，跳出固定思维,Technical Support Professional,engineer,6.0,1.0,BU13,3.0,0.0,a2,0.0,Beijing,S10
IBM要转型成功，你认为是技术更重要，还是满足客户需求更重要？,技术更重要，人家客户看中的还是你的技术,Technical Support Professional,transformation,11.0,1.0,BU13,1.0,1.0,a1,1.0,Beijing,S3
说到工程师文化，你想到的前三个词是什么？例如： 自由，效率，平等，尊重，信任，创新，简化流程，快速迭代，一切以解决问题为导向等等,"integrity, innovation, revenue",,engineer,6.0,0.5,BU14,6.0,0.0,a6,1.0,Beijing,
你希望工作环境发生的一个小改变是什么？,提升食堂的质量,Software Developer,environment+agile,10.0,1.0,BU15,4.0,1.0,a3,0.0,Beijing,S11
"David Kenny在上午的TownHall上说""Powerpoint is neither powerful or pointed"". 你怎么看？",少做ppt多写代码,Software Developer,others,12.0,0.0,BU15,4.0,1.0,a3,0.0,Beijing,S11
你有机会应用你喜欢的技术到你的日常开发中吗？,有机会,Software Developer,technique,2.0,0.5,BU15,4.0,1.0,a3,0.0,Beijing,S11
你的产品使用的技术是你感兴趣的么？,很感兴趣，非常有潜力的技术。,Software Developer,technique,2.0,0.5,BU15,4.0,1.0,a3,0.0,Beijing,S11
你认为你所在的产品或项目最需要什么人才，才能够成功？为什么？比如，深刻理解市场的产品经理，技术大牛，开发，测试，运维，销售等等？,  各方面的人才都需要，而且需要顶级人才。,Software Developer,project,4.0,1.0,BU15,3.0,1.0,a3,1.0,Beijing,S2
"David Kenny在上午的TownHall上说""Powerpoint is neither powerful or pointed"". 你怎么看？",it depends,Software Developer,others,12.0,0.5,BU15,3.0,1.0,a3,1.0,Beijing,S2
工程师的日常生活里，你觉得甚么最需要去改变？(e.g. 工作态度，社交活动，生活习惯，创新思考，保持热忱... 等，请自由发挥),dare to speak up and challenge authorities,Functional Manager,engineer,6.0,0.5,BU2,6.0,0.0,a5,0.0,Shanghai,S19
"Dear IBMer, 你觉得你能够做些什么来让IBM重新在业界走上巅峰？",3 top things i think important from r&d perspective: 1. speed to market 2. differentiated product 3. right leaders,Functional Manager,IBM,3.0,0.6976190476190476,BU2,6.0,0.0,a5,0.0,Shanghai,S19
你希望工作环境发生的一个小改变是什么？,holiday look&feel for each traditional chinese holiday and modern western ones,Functional Manager,environment+agile,10.0,0.525,BU2,6.0,0.0,a5,0.0,Shanghai,S19
你觉得IBM是技术导向的么？,"no, more business oriented.",Functional Manager,IBM,3.0,0.375,BU2,6.0,0.0,a5,0.0,Shanghai,S19
IT产业正在进行巨大的变革，IBM正在经历必须胜利的转型，作为一个IBMer，具体到你的产品项目中，你认为自己可以做什么样的努力和转变呢？从而帮助你的产品更加成功，帮助CDL转型成功， 帮助IBM转型成功！,"as product lab, we definitely hold the responsiblity to build up best cloud and cognitive solutions for ibm, no excuse: 1. equip ourseleves with open technologies 2. develope and accelerate cloud ops experience 3. drive data science into each offering",Functional Manager,transformation,11.0,0.628125,BU2,6.0,0.0,a5,0.0,Shanghai,S19
你觉得这次使用API来回答问题的活动怎么样? 有culture transformation的感觉吗?,"a challenge of traditional way, a test if people do care culture transformation, a pilot if people truly see/believe the value of grass root",Functional Manager,jam/api/openwhisk,13.0,0.5,BU2,6.0,0.0,a5,0.0,Shanghai,S19
除了项目以外， 你一周学习新技术的时间有多少？比如：一周1个小时，一周4个小时，一周10个小时，等等？,at least 1hr per day,Software Release Manager,learn+technique,8.0,0.35,BU2,5.0,0.0,a4,0.0,Shanghai,S18
你希望工作环境发生的一个小改变是什么？,family day with fun activities to foster better connection among team and their significant others,Software Release Manager,environment+agile,10.0,0.6958333333333333,BU2,5.0,0.0,a4,0.0,Shanghai,S18
What is the most challenging thing in your work in the past 6 months?,significant top down product strategy change,Software Release Manager,work,0.0,0.6199074074074074,BU2,5.0,0.0,a4,0.0,Shanghai,S18
CDL办公室管理的挑战：工作日有小朋友跟着家长来上班。一方面，学校放假期间小朋友不能自己呆在家里没有成年人照顾，这对家长来说是很难解决的问题。另一方面，实验室的工作环境和性质对 security 有很高的要求，不适合小朋友逗留。另外，小朋友的嘻闹会影响同事的工作，也时有发生小朋友损坏办公设备的情况，比如在昂贵的投影幕布上用马克笔涂涂画画。最重要的是，小朋友在办公区活动也有很大的安全隐患，比如摔伤、磕碰等等。综上，在这里想听听大家对这一问题的看法和建议。 ,不建议小朋友呆在工作区域，可以考虑提供单独的场所。,Project Manager,company management,1.0,0.5,BU2,5.0,0.0,a4,1.0,Beijing,S17
"Dear IBMer, 你觉得你能够做些什么来让IBM重新在业界走上巅峰？",真正好的产品，以用户和产品为核心,Project Manager,IBM,3.0,0.5,BU2,5.0,0.0,a4,1.0,Beijing,S17
你认为你所在的产品或项目最需要什么人才，才能够成功？为什么？比如，深刻理解市场的产品经理，技术大牛，开发，测试，运维，销售等等？,深刻理解市场的产品经理,Project Manager,project,4.0,0.5,BU2,5.0,0.0,a4,1.0,Beijing,S17
除了项目以外， 你一周学习新技术的时间有多少？比如：一周1个小时，一周4个小时，一周10个小时，等等？,"1~2 hours a week. i don't have much time dedicate to learning new stuff, mainly learning through hands-on.",Software Release Manager,learn+technique,8.0,0.5838383838383838,BU2,4.0,1.0,a5,0.0,Shanghai,S18
你希望工作环境发生的一个小改变是什么？,"less multi-tasking, more focus",Software Release Manager,environment+agile,10.0,0.5833333333333334,BU2,4.0,1.0,a5,0.0,Shanghai,S18
如何才能在Lab工作的每一天都有好心情,working like a team make me feel good,Software Architect,work,0.0,0.85,BU2,4.0,1.0,a4,0.0,Beijing,S8
你最想在工作上做的一个转变（Transformation）是什么，不限于职业规划的转变，可以扩展到你的知识技能体系，工作习惯，沟通管理方式等方面的转变,把脑子里那个及时行乐的猴子干掉或者让它睡的时间长点，别时不时跑出来捣乱（https://www.ted.com/talks/tim_urban_inside_the_mind_of_a_master_procrastinator）,Software Architect,transformation,11.0,0.5,BU2,4.0,1.0,a4,0.0,Beijing,S8
Any ideas on team building in Sep? To enjoy BJ's autumn,骑马打猎吃羊，观月赏秋唱歌,Software Architect,team,5.0,0.5,BU2,4.0,1.0,a4,0.0,Beijing,S8
"程序是有生命的，你多久重构一次代码?  比如：一周一次，一月一次，半年一次, 从不？",代码重构对wcs来说，就像给一个垂垂老矣的病人做手术，不动吧估计就要病入膏肓了，动吧并发症难以控制。这是一个很难的抉择，往往不以程序员的意愿为主导。如何保持这么古老产品的活力？代码重构还是另起炉灶，改良还是革命？需要大家一起来摸索吧。,Software Architect,others,12.0,0.6666666666666666,BU2,4.0,1.0,a4,0.0,Beijing,S8
请问你使用API批量回答问题，有成功吗？,调用失败,Software Architect,jam/api/openwhisk,13.0,0.0,BU2,4.0,1.0,a4,0.0,Beijing,S8
"Dear IBMer, 你觉得你能够做些什么来让IBM重新在业界走上巅峰？",我能多招一些人才过来,Software Developer,IBM,3.0,0.5,BU2,4.0,0.0,a3,1.0,Shanghai,S10
除了项目以外， 你一周学习新技术的时间有多少？比如：一周1个小时，一周4个小时，一周10个小时，等等？,2 hours per week,Software Developer,learn+technique,8.0,0.5,BU2,4.0,0.0,a3,1.0,Shanghai,S10
你希望工作环境发生的一个小改变是什么？,多一些funding装饰我们的space,Software Developer,environment+agile,10.0,0.5,BU2,4.0,0.0,a3,1.0,Shanghai,S10
你觉得IBM是技术导向的么？,yes,Software Developer,IBM,3.0,0.5,BU2,4.0,0.0,a3,1.0,Shanghai,S10
What u like the most about the work and what you hate the most?,like most:,Software Developer,work,0.0,0.75,BU2,4.0,0.0,a3,1.0,Shanghai,S10
What u like the most about the work and what you hate the most?,like most: 在工作中与同事一起学习和成长 ; hate most: 对不合理的制度无可奈何,Software Developer,work,0.0,0.0,BU2,4.0,0.0,a3,1.0,Shanghai,S10
CDL办公室管理的挑战：工作日有小朋友跟着家长来上班。一方面，学校放假期间小朋友不能自己呆在家里没有成年人照顾，这对家长来说是很难解决的问题。另一方面，实验室的工作环境和性质对 security 有很高的要求，不适合小朋友逗留。另外，小朋友的嘻闹会影响同事的工作，也时有发生小朋友损坏办公设备的情况，比如在昂贵的投影幕布上用马克笔涂涂画画。最重要的是，小朋友在办公区活动也有很大的安全隐患，比如摔伤、磕碰等等。综上，在这里想听听大家对这一问题的看法和建议。 ,hehehe,Software Developer,company management,1.0,0.5,BU2,4.0,1.0,a3,1.0,Shanghai,S11
IBM要转型成功，你认为是技术更重要，还是满足客户需求更重要？,满足客户需求保证现在能挣钱，保持技术领先保证将来能挣钱。一样重要,Software Developer,transformation,11.0,1.0,BU2,4.0,1.0,a3,1.0,Shanghai,S11
CDL办公室管理的挑战：工作日有小朋友跟着家长来上班。一方面，学校放假期间小朋友不能自己呆在家里没有成年人照顾，这对家长来说是很难解决的问题。另一方面，实验室的工作环境和性质对 security 有很高的要求，不适合小朋友逗留。另外，小朋友的嘻闹会影响同事的工作，也时有发生小朋友损坏办公设备的情况，比如在昂贵的投影幕布上用马克笔涂涂画画。最重要的是，小朋友在办公区活动也有很大的安全隐患，比如摔伤、磕碰等等。综上，在这里想听听大家对这一问题的看法和建议。 ,最好是能有个固定的地方让小朋友待在一起，然后有志愿者能帮忙照顾,Software Developer,company management,1.0,1.0,BU2,4.0,0.0,a3,1.0,Shanghai,S11
除了项目以外， 你一周学习新技术的时间有多少？比如：一周1个小时，一周4个小时，一周10个小时，等等？,经常会在项目空一点的时间集中上一些在线的课每天学1小时，2周内学完，忙的时候就偶尔会关注一些新技术，时间不定,Software Developer,learn+technique,8.0,1.0,BU2,4.0,1.0,a3,1.0,Shanghai,S12
你希望工作环境发生的一个小改变是什么？,讨论区有个投影电视屏幕,Software Developer,environment+agile,10.0,0.5,BU2,4.0,1.0,a3,1.0,Shanghai,S12
在工作中，觉得哪些技术是在外界都在使用，而我们却没有利用的,ibm需要在拥抱开源和满足企业级用户市场的稳定性需求之间寻找平衡点，要做到能驾驭开源才是真正做到惠及企业客户群,Software Designer,work+technique,7.0,1.0,BU2,4.0,0.0,a3,1.0,Beijing,S11
"Dear IBMer, 你觉得你能够做些什么来让IBM重新在业界走上巅峰？",钻营核心技术，而非商业模式。,Software Architect,IBM,3.0,0.5,BU2,4.0,1.0,a3,1.0,Beijing,S13
除了项目以外， 你一周学习新技术的时间有多少？比如：一周1个小时，一周4个小时，一周10个小时，等等？,8小时左右吧,Software Architect,learn+technique,8.0,0.5,BU2,4.0,1.0,a3,1.0,Beijing,S13
除了项目以外， 你一周学习新技术的时间有多少？比如：一周1个小时，一周4个小时，一周10个小时，等等？,~5小时,Software Architect,learn+technique,8.0,0.5,BU2,4.0,1.0,a2,1.0,Shanghai,S9
IBM要转型成功，你认为是技术更重要，还是满足客户需求更重要？,相辅相成,Software Architect,transformation,11.0,0.5,BU2,4.0,1.0,a2,1.0,Shanghai,S9
说到工程师文化，你想到的前三个词是什么？例如： 自由，效率，平等，尊重，信任，创新，简化流程，快速迭代，一切以解决问题为导向等等,"创新, 高效, 行动为先",Software Architect,engineer,6.0,1.0,BU2,4.0,1.0,a2,1.0,Shanghai,S9
你认为你所在的产品或项目最需要什么人才，才能够成功？为什么？比如，深刻理解市场的产品经理，技术大牛，开发，测试，运维，销售等等？,"我觉得团队目前有合适的人员配置,但需要更长的时间产出稳定有效的版本,让团队可以真正地own一个business.",Software Architect,project,4.0,1.0,BU2,4.0,1.0,a2,1.0,Shanghai,S9
你最想在工作上做的一个转变（Transformation）是什么，不限于职业规划的转变，可以扩展到你的知识技能体系，工作习惯，沟通管理方式等方面的转变,能持续增强对专业领域知识的理解和判断力,Software Architect,transformation,11.0,0.5,BU2,4.0,1.0,a2,1.0,Shanghai,S9
"If you could take money from one part of the company and give it to another part of the company, what would you do?","i don't know, but i think websphere commerce/managed hosted can still deserve more resource considering the requirements from the market.",Software Architect,company management,1.0,0.75,BU2,4.0,1.0,a2,1.0,Shanghai,S9
"If IBM was a person, what would be its greatest fear?",the fear from a giant is always from internal. there's never a fear if the giant can set up the correct direction and keep going.,Software Architect,IBM,3.0,0.5,BU2,4.0,1.0,a2,1.0,Shanghai,S9
除了项目以外， 你一周学习新技术的时间有多少？比如：一周1个小时，一周4个小时，一周10个小时，等等？,8,Software Developer,learn+technique,8.0,0.5,BU2,4.0,0.0,a2,1.0,Shanghai,S10
你最喜欢的Whitewater工具是什么？,www.safaribooksonline.com,Software Developer,others,12.0,0.5,BU2,4.0,0.0,a2,1.0,Shanghai,S10
What u like the most about the work and what you hate the most?,love the talented and diligent brothers and sisters most. hate the stupid and unnecessary process most.,Software Developer,work,0.0,0.5142857142857142,BU2,4.0,0.0,a2,1.0,Shanghai,S10
CDL办公室管理的挑战：工作日有小朋友跟着家长来上班。一方面，学校放假期间小朋友不能自己呆在家里没有成年人照顾，这对家长来说是很难解决的问题。另一方面，实验室的工作环境和性质对 security 有很高的要求，不适合小朋友逗留。另外，小朋友的嘻闹会影响同事的工作，也时有发生小朋友损坏办公设备的情况，比如在昂贵的投影幕布上用马克笔涂涂画画。最重要的是，小朋友在办公区活动也有很大的安全隐患，比如摔伤、磕碰等等。综上，在这里想听听大家对这一问题的看法和建议。 ,不建议带儿童来公司，只会打扰别人办公。临时可以申请在家上班照顾小孩。长期的话，只能自己解决了。,Software Developer,company management,1.0,0.0,BU2,3.0,1.0,a4,1.0,Shanghai,S7
Do you like our new Agile Open Office?,不好意思，这个是北京的一个新agile place吗？身在上海的我好像都不知道：（,Software Release Manager,environment+agile,10.0,0.5,BU2,3.0,0.0,a3,0.0,Shanghai,S11
除了项目以外， 你一周学习新技术的时间有多少？比如：一周1个小时，一周4个小时，一周10个小时，等等？,一周8小时,Software Release Manager,learn+technique,8.0,0.5,BU2,3.0,0.0,a3,0.0,Shanghai,S11
IBM要转型成功，你认为是技术更重要，还是满足客户需求更重要？,客户更加重要，business driven的公司,Software Release Manager,transformation,11.0,1.0,BU2,3.0,0.0,a3,0.0,Shanghai,S11
IBM要转型成功，你认为是技术更重要，还是满足客户需求更重要？,客户更加重要，ibm是business为导向的公司,Software Release Manager,transformation,11.0,1.0,BU2,3.0,0.0,a3,0.0,Shanghai,S11
说到工程师文化，你想到的前三个词是什么？例如： 自由，效率，平等，尊重，信任，创新，简化流程，快速迭代，一切以解决问题为导向等等,自由，自制，信息公开,Software Release Manager,engineer,6.0,1.0,BU2,3.0,0.0,a3,0.0,Shanghai,S11
你希望工作环境发生的一个小改变是什么？,少一些survey,Software Release Manager,environment+agile,10.0,0.5,BU2,3.0,0.0,a3,0.0,Shanghai,S11
IT产业正在进行巨大的变革，IBM正在经历必须胜利的转型，作为一个IBMer，具体到你的产品项目中，你认为自己可以做什么样的努力和转变呢？从而帮助你的产品更加成功，帮助CDL转型成功， 帮助IBM转型成功！,"作为culture transformation jam owner, 我希望尽自己的绵薄之力为cdl转型出一份力，我相信星星之火可以燎原，我们草根工程师有无限的潜力，因为我们已经在改变世界! - 转变自己，转变cdl!",Software Release Manager,transformation,11.0,1.0,BU2,3.0,0.0,a3,0.0,Shanghai,S11
你最想在工作上做的一个转变（Transformation）是什么，不限于职业规划的转变，可以扩展到你的知识技能体系，工作习惯，沟通管理方式等方面的转变,我希望提高自己对最新技术的深入了解,Software Release Manager,transformation,11.0,1.0,BU2,3.0,0.0,a3,0.0,Shanghai,S11
让你留在IBM的三个原因是什么？,"work life balance, 周围的人优秀, 技术领先，思想领先",Software Release Manager,IBM,3.0,1.0,BU2,3.0,0.0,a3,0.0,Shanghai,S11
你觉得开源软件会带给企业什么改变？,更加开放，但是同时也提出更高的要求，足够好才能吸引别人的参与,Software Release Manager,open source,9.0,1.0,BU2,3.0,0.0,a3,0.0,Shanghai,S11
"David Kenny在上午的TownHall上说""Powerpoint is neither powerful or pointed"". 你怎么看？",我们花太多时间去polish deck，而不是实质内容了。powerpoint已经变成了ibm的日常工作的一部分了，尤其是在review的时候。,Software Release Manager,others,12.0,0.5,BU2,3.0,0.0,a3,0.0,Shanghai,S11
What u like the most about the work and what you hate the most?,"what i like most is the sense of achievement, what i hate most is feeling useless and boring...",Software Release Manager,work,0.0,0.37,BU2,3.0,0.0,a3,0.0,Shanghai,S11
最近一个月，哪件上班时发生的小事让你觉得苦恼？,会议太多,Software Release Manager,work,0.0,0.5,BU2,3.0,0.0,a3,0.0,Shanghai,S11
你希望公司管理层（BUE及以上，包括CDL或CDL外）应该继续做什么（keep doing）？,希望更多的在lab倡导浓厚的技术氛围，希望我们的bue们对市场客户有更深的洞见，引领我们的团队做出更符合市场需要的产品和项目。,Software Release Manager,company management,1.0,1.0,BU2,3.0,0.0,a3,0.0,Shanghai,S11
What is the most challenging thing in your work in the past 6 months?,在自己的工作中找到value，对自己，对组织。,Software Release Manager,work,0.0,0.5,BU2,3.0,0.0,a3,0.0,Shanghai,S11
"If you could take money from one part of the company and give it to another part of the company, what would you do?",理想中，我希望一切回归本职。crl只负责研究，不用打客户，养自己。cdl只负责提供最好的技术。但是最重要的一点是，offering mgmt team或者uplines 可以定义规划真正市场需要的产品。,Software Release Manager,company management,1.0,1.0,BU2,3.0,0.0,a3,0.0,Shanghai,S11
你希望公司管理层（BUE及以上，包括CDL或CDL外）应该停止做什么（stop doing）？,"希望ww停止频繁的reorg, 希望lab适量减少integrity相关的会议，相信我们的engineer已经都有这根弦了。希望更专注于推出一些市场喜欢的产品。",Software Release Manager,company management,1.0,0.7647058823529411,BU2,3.0,0.0,a3,0.0,Shanghai,S11
在工作中，觉得哪些技术是在外界都在使用，而我们却没有利用的,"我认为ibm在技术上还是比较领先的，业界最新的比较成熟的技术都在使用。比如bluemix拥抱k8s。但是我觉得问题不在于技术的使用，可能更多是打造客户真正需要的产品上还有欠缺,比如云转型过猛。just my cents，欢迎大家讨论。",Software Release Manager,work+technique,7.0,0.875,BU2,3.0,0.0,a3,0.0,Shanghai,S11
你心目中的技术大牛是谁？那项技术？为什么？,"andrew ng. deep learning - it is the light and hope of future, in multiple areas, especially internet industry.",Software Developer,technique,2.0,0.54,BU2,3.0,1.0,a2,1.0,Shanghai,S4
除了项目以外， 你一周学习新技术的时间有多少？比如：一周1个小时，一周4个小时，一周10个小时，等等？,>= 10hrs,Software Developer,learn+technique,8.0,0.5,BU2,3.0,1.0,a2,1.0,Shanghai,S5
你心目中的技术大牛是谁？那项技术？为什么？,柯国霖(lightgbm作者)，陈天奇(xgboost),Software Developer,technique,2.0,0.5,BU2,3.0,1.0,a2,1.0,Shanghai,S5
CDL办公室管理的挑战：工作日有小朋友跟着家长来上班。一方面，学校放假期间小朋友不能自己呆在家里没有成年人照顾，这对家长来说是很难解决的问题。另一方面，实验室的工作环境和性质对 security 有很高的要求，不适合小朋友逗留。另外，小朋友的嘻闹会影响同事的工作，也时有发生小朋友损坏办公设备的情况，比如在昂贵的投影幕布上用马克笔涂涂画画。最重要的是，小朋友在办公区活动也有很大的安全隐患，比如摔伤、磕碰等等。综上，在这里想听听大家对这一问题的看法和建议。 ,呵呵了,Software Developer,company management,1.0,0.5,BU2,3.0,1.0,a2,1.0,Shanghai,S5
除了项目以外， 你一周学习新技术的时间有多少？比如：一周1个小时，一周4个小时，一周10个小时，等等？,5 hours per week,Software Developer,learn+technique,8.0,0.5,BU2,3.0,1.0,a2,1.0,Shanghai,S8
CDL办公室管理的挑战：工作日有小朋友跟着家长来上班。一方面，学校放假期间小朋友不能自己呆在家里没有成年人照顾，这对家长来说是很难解决的问题。另一方面，实验室的工作环境和性质对 security 有很高的要求，不适合小朋友逗留。另外，小朋友的嘻闹会影响同事的工作，也时有发生小朋友损坏办公设备的情况，比如在昂贵的投影幕布上用马克笔涂涂画画。最重要的是，小朋友在办公区活动也有很大的安全隐患，比如摔伤、磕碰等等。综上，在这里想听听大家对这一问题的看法和建议。 ,安全隐患确实存在，有时候也会觉得影响大家工作。感觉比较好的解决方法是如果不得不需要照顾小孩，可以申请临时work at home，实在没有办法，家长一定要起到监护作用，不要再office疯跑，大声喧哗，影响别人。,Software Developer,company management,1.0,0.16666666666666666,BU2,2.0,1.0,a4,1.0,Beijing,S8
你心目中的技术大牛是谁？那项技术？为什么？,尤雨溪 vue.js的作者 框架特点非常易用和灵活，不错的性能。,Software Developer,technique,2.0,1.0,BU2,2.0,1.0,a3,1.0,Shanghai,S3
CDL办公室管理的挑战：工作日有小朋友跟着家长来上班。一方面，学校放假期间小朋友不能自己呆在家里没有成年人照顾，这对家长来说是很难解决的问题。另一方面，实验室的工作环境和性质对 security 有很高的要求，不适合小朋友逗留。另外，小朋友的嘻闹会影响同事的工作，也时有发生小朋友损坏办公设备的情况，比如在昂贵的投影幕布上用马克笔涂涂画画。最重要的是，小朋友在办公区活动也有很大的安全隐患，比如摔伤、磕碰等等。综上，在这里想听听大家对这一问题的看法和建议。 ,带孩子来上班是咱们公司的一大特色，是人性化的体现，但吵闹的孩子确实或多或少的影响了周围同事的工作。专门准备一块区域是个不错的选择。,Software Developer,company management,1.0,0.5714285714285714,BU2,2.0,1.0,a3,0.0,Beijing,S1
除了项目以外， 你一周学习新技术的时间有多少？比如：一周1个小时，一周4个小时，一周10个小时，等等？,十小时,Software Developer,learn+technique,8.0,0.5,BU2,2.0,1.0,a2,0.0,Shanghai,S7
如何才能在Lab工作的每一天都有好心情,有事情做，然后对自己有提升,Software Developer,work,0.0,1.0,BU2,2.0,1.0,a2,0.0,Shanghai,S7
你心目中的技术大牛是谁？那项技术？为什么？,geoffrey hinton,Software Developer,technique,2.0,0.5,BU2,2.0,1.0,a2,0.0,Shanghai,S7
除了项目以外， 你一周学习新技术的时间有多少？比如：一周1个小时，一周4个小时，一周10个小时，等等？,一周6小时,Software Test Specialist,learn+technique,8.0,0.5,BU2,2.0,1.0,a2,0.0,Shanghai,S9
你最喜欢的Whitewater工具是什么？,"safari books, slack channel",Software Developer,others,12.0,0.5,BU2,2.0,1.0,a2,0.0,Beijing,S4
你希望工作环境发生的一个小改变是什么？,增加运动器材，定期更新工程师书架,Software Developer,environment+agile,10.0,0.5,BU2,2.0,1.0,a2,0.0,Beijing,S4
说到工程师文化，你想到的前三个词是什么？例如： 自由，效率，平等，尊重，信任，创新，简化流程，快速迭代，一切以解决问题为导向等等,平等，信任，尊重,Software Developer,engineer,6.0,1.0,BU2,2.0,1.0,a1,1.0,Shanghai,S2
你觉得IBM是技术导向的么？,你猜你猜你猜猜猜,Software Developer,IBM,3.0,0.5,BU2,1.0,1.0,a1,0.0,Shanghai,S2
如何才能在Lab工作的每一天都有好心情,大家关系融洽快乐,Software Developer,work,0.0,1.0,BU2,1.0,1.0,a1,0.0,Shanghai,S2
除了项目以外， 你一周学习新技术的时间有多少？比如：一周1个小时，一周4个小时，一周10个小时，等等？,不确定，一般在4小时以上,Software Developer,learn+technique,8.0,0.5,BU2,1.0,1.0,a1,0.0,Shanghai,S2
说到工程师文化，你想到的前三个词是什么？例如： 自由，效率，平等，尊重，信任，创新，简化流程，快速迭代，一切以解决问题为导向等等,严谨、细致、可靠,Software Developer,engineer,6.0,1.0,BU2,1.0,1.0,a1,1.0,Shanghai,S3
Do you love IBM?,"ya. once an ibmer,always an ibmer.",Software Developer,IBM,3.0,0.5,BU2,1.0,1.0,a1,1.0,Shanghai,S3
如何才能在Lab工作的每一天都有好心情,"have a harmonious, interesting and lovely team~",Software Developer,work,0.0,0.75,BU2,1.0,1.0,a0,0.0,Shanghai,S0
你最想在工作上做的一个转变（Transformation）是什么，不限于职业规划的转变，可以扩展到你的知识技能体系，工作习惯，沟通管理方式等方面的转变,有更好的处理工作和人际关系的能力，和不同的人一起做不同的事，在不同的方面都有所改变。突破自己的舒适区域，直面一直逃避的困难，尝试很多不同的事情。,Software Developer,transformation,11.0,0.5,BU2,1.0,1.0,a0,0.0,Shanghai,S0
CDL办公室管理的挑战：工作日有小朋友跟着家长来上班。一方面，学校放假期间小朋友不能自己呆在家里没有成年人照顾，这对家长来说是很难解决的问题。另一方面，实验室的工作环境和性质对 security 有很高的要求，不适合小朋友逗留。另外，小朋友的嘻闹会影响同事的工作，也时有发生小朋友损坏办公设备的情况，比如在昂贵的投影幕布上用马克笔涂涂画画。最重要的是，小朋友在办公区活动也有很大的安全隐患，比如摔伤、磕碰等等。综上，在这里想听听大家对这一问题的看法和建议。 ,"实验室的工作性质与security 要求比一班办公室高, user 提的需求其实应该由hr 统一来回复可行性. 若是强行开放, 将增加管理成本, 显性的成本例如设备破坏等等, 隐性的成本例如会议的干扰. 家长们的暑期困扰应寻求当地政府的社会福利, 育幼托儿政策, 而非比所有需求都丢到公司来解决.",Business Analyst,company management,1.0,0.2,BU3,3.0,0.0,a4,1.0,Taipei,S15
你最不能忍受的功能是？ （登录慢， 表单填好不能submit，单选框不能点文字选中，etc.）,"系统通知信该发信的时候没发信, 或者延迟发信造成更多邮件沟通",Business Analyst,others,12.0,0.0,BU3,3.0,0.0,a4,1.0,Taipei,S15
OSPF的哪个系统最需要改进？,"登入时, browser 显示此网站不安全, 长年下来连国外的bso revalidation manager 都不敢登入了",Business Analyst,others,12.0,0.5,BU3,3.0,0.0,a4,1.0,Taipei,S15
CDL办公室管理的挑战：工作日有小朋友跟着家长来上班。一方面，学校放假期间小朋友不能自己呆在家里没有成年人照顾，这对家长来说是很难解决的问题。另一方面，实验室的工作环境和性质对 security 有很高的要求，不适合小朋友逗留。另外，小朋友的嘻闹会影响同事的工作，也时有发生小朋友损坏办公设备的情况，比如在昂贵的投影幕布上用马克笔涂涂画画。最重要的是，小朋友在办公区活动也有很大的安全隐患，比如摔伤、磕碰等等。综上，在这里想听听大家对这一问题的看法和建议。 ,just share a news for reference: http://news.eastday.com/s/20170819/u1a13205633.html,Compliance Audit & Risk Assure,company management,1.0,0.5,BU3,3.0,1.0,a3,1.0,Taipei,S11
Do you like our new Agile Open Office?,喜欢,Software Developer,environment+agile,10.0,1.0,BU3,3.0,1.0,a3,0.0,Beijing,S8
你和你的团队现在士气如何？,士气良好，积极的人是大多数,Software Developer,team,5.0,1.0,BU3,3.0,1.0,a3,0.0,Beijing,S8
OSPF的哪个系统最需要改进？,sdcm and bso access; 另外 login 会出现 insecure 很多人在问,Infrastructure Specialist,others,12.0,0.5,BU3,2.0,1.0,a5,1.0,Taipei,S4
工程师的日常生活里，你觉得甚么最需要去改变？(e.g. 工作态度，社交活动，生活习惯，创新思考，保持热忱... 等，请自由发挥),团队合作，工匠精神，激励创新,Software Developer,engineer,6.0,1.0,BU3,2.0,1.0,a2,1.0,Ningbo,S5
除了项目以外， 你一周学习新技术的时间有多少？比如：一周1个小时，一周4个小时，一周10个小时，等等？,每天一小时,Software Developer,learn+technique,8.0,0.5,BU3,2.0,1.0,a2,1.0,Ningbo,S5
说到工程师文化，你想到的前三个词是什么？例如： 自由，效率，平等，尊重，信任，创新，简化流程，快速迭代，一切以解决问题为导向等等,自由，平等，创新,Software Developer,engineer,6.0,1.0,BU3,2.0,1.0,a2,1.0,Ningbo,S5
你希望工作环境发生的一个小改变是什么？,站着写代码,Software Developer,environment+agile,10.0,0.5,BU3,2.0,1.0,a2,1.0,Ningbo,S5
让你留在IBM的三个原因是什么？,平等、自由、尊重,Software Developer,IBM,3.0,1.0,BU3,2.0,1.0,a2,1.0,Ningbo,S5
你觉得开源软件会带给企业什么改变？,知道什么场景用商业软件，什么时候用开源,Software Developer,open source,9.0,0.5,BU3,2.0,1.0,a2,1.0,Ningbo,S5
在你的工作范畴中，有可以接触到的技术大牛吗？是谁？,很少,Software Developer,work+technique,7.0,0.5,BU3,2.0,1.0,a2,1.0,Ningbo,S5
你有机会应用你喜欢的技术到你的日常开发中吗？,会啊，但也要想办法说服leader,Software Developer,technique,2.0,1.0,BU3,2.0,1.0,a2,1.0,Ningbo,S5
最近一个月，哪件上班时发生的小事让你觉得苦恼？,接手一个维护项目，但是搭环境所需要的软件已经sunset找不到了,Software Developer,work,0.0,0.5,BU3,2.0,1.0,a2,1.0,Ningbo,S5
你参加过最大的项目，有多少人同时工作？,5人,Software Developer,project,4.0,0.5,BU3,2.0,1.0,a2,1.0,Ningbo,S5
工程师的日常生活里，你觉得甚么最需要去改变？(e.g. 工作态度，社交活动，生活习惯，创新思考，保持热忱... 等，请自由发挥),带小朋友来上班没有问题，但是家长要对在办公区的小朋友的行为负责。保证周边同事工作不受打扰，公共享品不受损坏。,Business Operations Specialist,engineer,6.0,0.6666666666666666,BU3,1.0,1.0,a1,0.0,Beijing,S0
你希望工作环境发生的一个小改变是什么？,办公区色彩明亮一些,Business Operations Specialist,environment+agile,10.0,1.0,BU3,1.0,1.0,a1,0.0,Beijing,S0
Any ideas on team building in Sep? To enjoy BJ's autumn,mountain climbing!,Business Operations Specialist,team,5.0,0.5,BU3,1.0,1.0,a1,0.0,Beijing,S0
你最不能忍受的功能是？ （登录慢， 表单填好不能submit，单选框不能点文字选中，etc.）,表单填好不能submit,Business Operations Specialist,others,12.0,0.0,BU3,1.0,1.0,a1,0.0,Beijing,S0
最近一个月，哪件上班时发生的小事让你觉得苦恼？,遇到其他team 态度蛮横不讲道理的同事,Business Operations Specialist,work,0.0,0.0,BU3,1.0,1.0,a1,0.0,Beijing,S0
CDL办公室管理的挑战：工作日有小朋友跟着家长来上班。一方面，学校放假期间小朋友不能自己呆在家里没有成年人照顾，这对家长来说是很难解决的问题。另一方面，实验室的工作环境和性质对 security 有很高的要求，不适合小朋友逗留。另外，小朋友的嘻闹会影响同事的工作，也时有发生小朋友损坏办公设备的情况，比如在昂贵的投影幕布上用马克笔涂涂画画。最重要的是，小朋友在办公区活动也有很大的安全隐患，比如摔伤、磕碰等等。综上，在这里想听听大家对这一问题的看法和建议。 ,公司是工作场所，并不能提供专业的幼教服务,Administrative Staff Professio,company management,1.0,0.0,BU3,1.0,1.0,a1,0.0,Beijing,S1
你最不能忍受的功能是？ （登录慢， 表单填好不能submit，单选框不能点文字选中，etc.）,登录慢,Administrative Staff Professio,others,12.0,0.0,BU3,1.0,1.0,a1,0.0,Beijing,S1
OSPF的哪个系统最需要改进？,distribution list? it would be better if non-cdl/csl bus could be showed.,Administrative Staff Professio,others,12.0,0.75,BU3,1.0,1.0,a1,0.0,Beijing,S1
OSPF的哪个系统最需要改进？,distribution list? it would be better if non-cdl/csl bus could be showed.,Administrative Staff Professio,others,12.0,0.75,BU3,1.0,1.0,a1,0.0,Beijing,S1
你有哪些工作中的小确幸?,不告诉你,Administrative Staff Professio,work,0.0,0.5,BU3,1.0,1.0,a1,0.0,Beijing,S1
CDL办公室管理的挑战：工作日有小朋友跟着家长来上班。一方面，学校放假期间小朋友不能自己呆在家里没有成年人照顾，这对家长来说是很难解决的问题。另一方面，实验室的工作环境和性质对 security 有很高的要求，不适合小朋友逗留。另外，小朋友的嘻闹会影响同事的工作，也时有发生小朋友损坏办公设备的情况，比如在昂贵的投影幕布上用马克笔涂涂画画。最重要的是，小朋友在办公区活动也有很大的安全隐患，比如摔伤、磕碰等等。综上，在这里想听听大家对这一问题的看法和建议。 ,设置专门的小朋友区域的想法很好，但是会不会略微有些不太结合实际？弱弱的觉得可操作性不强，没有办法达到预期效果，反而会造成人力资源和时间的浪费。,Business Operations Specialist,company management,1.0,0.5,BU3,1.0,1.0,a1,0.0,Beijing,S2
你最喜欢的Whitewater工具是什么？,"毫无疑问，目前大数据和人工智能是最好的方向，大数据可以学习hadoop,hbase,mapreduce,人工智能现了解各种算法的基本原理，在结合开源框架例如tensorflow进行实践",Portals & Collaboration Sols S,others,12.0,1.0,BU4,4.0,1.0,a3,1.0,Beijing,S7
"Dear IBMer, 你觉得你能够做些什么来让IBM重新在业界走上巅峰？",ginni retire,Package Solution Consultant,IBM,3.0,0.5,BU4,3.0,1.0,a3,1.0,Shanghai,S9
Do you like our new Agile Open Office?,"sorry, i'm far away from the office at the cu side onsite so long time. it's real real sorry i can't response you as well.",IT Management Consultant,environment+agile,10.0,0.35,BU4,3.0,1.0,a3,1.0,Beijing,S2
我们新装修的Agile workspace， 你觉得还有味吗？,还可以，感觉没什么味道,Portals & Collaboration Sols S,environment+agile,10.0,0.5,BU4,2.0,1.0,a2,1.0,Beijing,S2
CDL办公室管理的挑战：工作日有小朋友跟着家长来上班。一方面，学校放假期间小朋友不能自己呆在家里没有成年人照顾，这对家长来说是很难解决的问题。另一方面，实验室的工作环境和性质对 security 有很高的要求，不适合小朋友逗留。另外，小朋友的嘻闹会影响同事的工作，也时有发生小朋友损坏办公设备的情况，比如在昂贵的投影幕布上用马克笔涂涂画画。最重要的是，小朋友在办公区活动也有很大的安全隐患，比如摔伤、磕碰等等。综上，在这里想听听大家对这一问题的看法和建议。 ,首先，不推荐在办公室带小朋友，如果建议：1.可以开放部分区域供小朋友玩耍；2.建议家长在假期期间给小朋友报个短期兴趣班；,Application Consultant,company management,1.0,0.5,BU4,2.0,1.0,a2,1.0,Guangzhou,S1
"Dear IBMer, 你觉得你能够做些什么来让IBM重新在业界走上巅峰？",ibm to invest on people,Software Test Specialist,IBM,3.0,0.5,BU5,4.0,1.0,a5,1.0,Taipei,S20
Do you like our new Agile Open Office?,yes,Software Service Planner,environment+agile,10.0,1.0,BU5,4.0,0.0,a5,0.0,Taipei,S21
Do you like our new Agile Open Office?,"yes, it makes our org move fast",Software Architect,environment+agile,10.0,0.6,BU5,4.0,1.0,a4,1.0,Taipei,S17
CDL办公室管理的挑战：工作日有小朋友跟着家长来上班。一方面，学校放假期间小朋友不能自己呆在家里没有成年人照顾，这对家长来说是很难解决的问题。另一方面，实验室的工作环境和性质对 security 有很高的要求，不适合小朋友逗留。另外，小朋友的嘻闹会影响同事的工作，也时有发生小朋友损坏办公设备的情况，比如在昂贵的投影幕布上用马克笔涂涂画画。最重要的是，小朋友在办公区活动也有很大的安全隐患，比如摔伤、磕碰等等。综上，在这里想听听大家对这一问题的看法和建议。 ,人数多的话，成立育儿中心..要收费...,Software Architect,company management,1.0,0.5,BU5,4.0,1.0,a4,1.0,Taipei,S17
"Dear IBMer, 你觉得你能够做些什么来让IBM重新在业界走上巅峰？","listen to the customers, no matter a big customer or a small business",Software Architect,IBM,3.0,0.4375,BU5,4.0,1.0,a4,1.0,Taipei,S17
IBM要转型成功，你认为是技术更重要，还是满足客户需求更重要？,满足客户需求优先，同时研究新技术，如果新技术不能配合，用旧技术也无妨，但是要想到跟新技术的相容性,Software Architect,transformation,11.0,0.5,BU5,4.0,1.0,a4,1.0,Taipei,S17
你心目中的技术大牛是谁？那项技术？为什么？,"steven atkin, globalization",Software Architect,technique,2.0,0.5,BU5,4.0,1.0,a4,1.0,Taipei,S17
Do you like our new Agile Open Office?,yes,Software Designer,environment+agile,10.0,1.0,BU5,4.0,1.0,a2,1.0,Shanghai,S3
"Dear IBMer, 你觉得你能够做些什么来让IBM重新在业界走上巅峰？",您的回答内容,Information Developer,IBM,3.0,0.5,BU5,4.0,0.0,a2,1.0,Shanghai,S11
除了项目以外， 你一周学习新技术的时间有多少？比如：一周1个小时，一周4个小时，一周10个小时，等等？,2 hours weekly,Software Test Specialist,learn+technique,8.0,0.5,BU5,3.0,1.0,a5,1.0,Taipei,S16
你最喜欢的Whitewater工具是什么？,"safari books , slack",Software Test Specialist,others,12.0,0.5,BU5,3.0,1.0,a5,1.0,Taipei,S16
如何才能在Lab工作的每一天都有好心情,be positive,Software Test Specialist,work,0.0,0.6136363636363636,BU5,3.0,1.0,a5,1.0,Taipei,S16
Do you like this Jam?,it is very interesting and demostrate engineers' value,Software Test Specialist,jam/api/openwhisk,13.0,0.825,BU5,3.0,1.0,a5,1.0,Taipei,S16
请问你使用API批量回答问题，有成功吗？,有的,Software Test Specialist,jam/api/openwhisk,13.0,0.5,BU5,3.0,1.0,a5,1.0,Taipei,S16
你觉得这次使用API来回答问题的活动怎么样? 有culture transformation的感觉吗?,非常的不一样的文化冲击，不是制式的问卷,Software Test Specialist,jam/api/openwhisk,13.0,0.0,BU5,3.0,1.0,a5,1.0,Taipei,S16
阻碍你每天能够高效完成工作的原因有哪些?,jam 太多,Software Test Specialist,work,0.0,0.5,BU5,3.0,1.0,a4,0.0,Taipei,S7
工程师的日常生活里，你觉得甚么最需要去改变？(e.g. 工作态度，社交活动，生活习惯，创新思考，保持热忱... 等，请自由发挥),保持对新技术的好奇与热忱,Software Test Specialist,engineer,6.0,1.0,BU5,3.0,1.0,a4,1.0,Taipei,S9
你最喜欢的Whitewater工具是什么？,"box, slack",Software Test Specialist,others,12.0,0.5,BU5,3.0,1.0,a4,1.0,Taipei,S9
你希望工作环境发生的一个小改变是什么？,能稍微活动筋骨的空间,Software Test Specialist,environment+agile,10.0,0.5,BU5,3.0,1.0,a4,1.0,Taipei,S9
 如果有的话，是什么激励着你每天充满热情来上班？或者现在没有，但如果有的话，你期待是什么？,"员工能发挥所长做他觉得有意义的事, 并对公司和社会有所帮助",Software Test Specialist,work,0.0,1.0,BU5,3.0,0.0,a4,1.0,Taipei,S10
nan,"有的, 跟我原本想用swagger接口呈现我们的api一样, open whisk去年work group的成果有用这个包装, 但是不是有用这个的具体场景我还没想明白",Software Test Specialist,,,0.75,BU5,3.0,1.0,a4,0.0,Taipei,S12
CDL办公室管理的挑战：工作日有小朋友跟着家长来上班。一方面，学校放假期间小朋友不能自己呆在家里没有成年人照顾，这对家长来说是很难解决的问题。另一方面，实验室的工作环境和性质对 security 有很高的要求，不适合小朋友逗留。另外，小朋友的嘻闹会影响同事的工作，也时有发生小朋友损坏办公设备的情况，比如在昂贵的投影幕布上用马克笔涂涂画画。最重要的是，小朋友在办公区活动也有很大的安全隐患，比如摔伤、磕碰等等。综上，在这里想听听大家对这一问题的看法和建议。 ,如果这样需求的同事很多，是不是可能大家集资在办公室的附近租个地方，找老师办暑期安亲教室，减少家长接送的负担，天天窝在办公室也不是办法,Software Test Specialist,company management,1.0,0.5,BU5,3.0,1.0,a4,0.0,Taipei,S12
工程师的日常生活里，你觉得甚么最需要去改变？(e.g. 工作态度，社交活动，生活习惯，创新思考，保持热忱... 等，请自由发挥),think out of box,Software Test Specialist,engineer,6.0,0.5,BU5,3.0,1.0,a4,0.0,Taipei,S12
"Dear IBMer, 你觉得你能够做些什么来让IBM重新在业界走上巅峰？",持续保持创新与学习的热情，做好每一个project,Software Test Specialist,IBM,3.0,1.0,BU5,3.0,1.0,a4,0.0,Taipei,S12
你最喜欢的Whitewater工具是什么？,safari books,Software Test Specialist,others,12.0,0.5,BU5,3.0,1.0,a4,0.0,Taipei,S12
你希望工作环境发生的一个小改变是什么？,更多部门间交流,Software Test Specialist,environment+agile,10.0,0.5,BU5,3.0,1.0,a4,0.0,Taipei,S12
Do you love IBM?,very much,Software Test Specialist,IBM,3.0,0.63,BU5,3.0,1.0,a4,0.0,Taipei,S12
Do you love IBM?,yes,Software Test Specialist,IBM,3.0,1.0,BU5,3.0,1.0,a4,0.0,Taipei,S12
你有机会应用你喜欢的技术到你的日常开发中吗？,有,Software Test Specialist,technique,2.0,0.5,BU5,3.0,1.0,a4,0.0,Taipei,S12
你觉得这次使用API来回答问题的活动怎么样? 有culture transformation的感觉吗?,挺有趣的,Software Test Specialist,jam/api/openwhisk,13.0,1.0,BU5,3.0,1.0,a4,0.0,Taipei,S12
Do you like our new Agile Open Office?,this is a test,Software Test Specialist,environment+agile,10.0,0.5,BU5,3.0,1.0,a4,1.0,Taipei,S13
CDL办公室管理的挑战：工作日有小朋友跟着家长来上班。一方面，学校放假期间小朋友不能自己呆在家里没有成年人照顾，这对家长来说是很难解决的问题。另一方面，实验室的工作环境和性质对 security 有很高的要求，不适合小朋友逗留。另外，小朋友的嘻闹会影响同事的工作，也时有发生小朋友损坏办公设备的情况，比如在昂贵的投影幕布上用马克笔涂涂画画。最重要的是，小朋友在办公区活动也有很大的安全隐患，比如摔伤、磕碰等等。综上，在这里想听听大家对这一问题的看法和建议。 ,不能带小孩到公司来，必要的话，你应该请假在家照顾小孩,Software Test Specialist,company management,1.0,0.0,BU5,3.0,1.0,a4,1.0,Taipei,S13
工程师的日常生活里，你觉得甚么最需要去改变？(e.g. 工作态度，社交活动，生活习惯，创新思考，保持热忱... 等，请自由发挥),创新思考，保持热忱,Software Test Specialist,engineer,6.0,1.0,BU5,3.0,1.0,a4,1.0,Taipei,S13
你希望工作环境发生的一个小改变是什么？,每天有免费饮料喝,Software Test Specialist,environment+agile,10.0,0.5,BU5,3.0,1.0,a4,1.0,Taipei,S13
"David Kenny在上午的TownHall上说""Powerpoint is neither powerful or pointed"". 你怎么看？","neither....nor, either...or",Information Developer,others,12.0,0.5,BU5,3.0,0.0,a3,0.0,Beijing,S13
CDL办公室管理的挑战：工作日有小朋友跟着家长来上班。一方面，学校放假期间小朋友不能自己呆在家里没有成年人照顾，这对家长来说是很难解决的问题。另一方面，实验室的工作环境和性质对 security 有很高的要求，不适合小朋友逗留。另外，小朋友的嘻闹会影响同事的工作，也时有发生小朋友损坏办公设备的情况，比如在昂贵的投影幕布上用马克笔涂涂画画。最重要的是，小朋友在办公区活动也有很大的安全隐患，比如摔伤、磕碰等等。综上，在这里想听听大家对这一问题的看法和建议。 ,确实感受过孩子在办公室时有可能带来吵闹，但是孩子来父母的工作环境了解父母的工作，并且父母能在碎片时间照看放暑假的孩子也是很好的与孩子相处的方式。那么剩下的问题就是如何不影响安全和其他同事的工作，我其实觉得如果可以的话，预留个孩子的playroom，让孩子们一起玩去~~父母工作间隙去看一下。,Information Developer,company management,1.0,0.75,BU5,3.0,1.0,a2,0.0,Shanghai,S5
你最想在工作上做的一个转变（Transformation）是什么，不限于职业规划的转变，可以扩展到你的知识技能体系，工作习惯，沟通管理方式等方面的转变,"i want to be open, that is to connect to other teams, other roles, other business groups in ibm. innovation might happen when different people meet, we should abandon the way where we stay in lonely islands fulfilling requests. connected! make new things happen;-)",Information Developer,transformation,11.0,0.4928977272727273,BU5,3.0,1.0,a2,0.0,Shanghai,S5
IT产业正在进行巨大的变革，IBM正在经历必须胜利的转型，作为一个IBMer，具体到你的产品项目中，你认为自己可以做什么样的努力和转变呢？从而帮助你的产品更加成功，帮助CDL转型成功， 帮助IBM转型成功！,走出去聆听客户需求，坐下来研习技术潮流,Information Developer,transformation,11.0,0.5,BU5,3.0,1.0,a2,0.0,Shanghai,S11
你最想在工作上做的一个转变（Transformation）是什么，不限于职业规划的转变，可以扩展到你的知识技能体系，工作习惯，沟通管理方式等方面的转变,对行业热点话题有全面的了解,Software Developer,transformation,11.0,1.0,BU5,3.0,0.0,a2,0.0,Shanghai,S11
你觉得IBM是技术导向的么？,it depends,Software Test Specialist,IBM,3.0,0.5,BU5,3.0,1.0,a2,0.0,Taipei,S8
除了项目以外， 你一周学习新技术的时间有多少？比如：一周1个小时，一周4个小时，一周10个小时，等等？,2 hours daily,Software Developer,learn+technique,8.0,0.5,BU5,3.0,1.0,a2,1.0,Taipei,S9
你最喜欢的Whitewater工具是什么？,slack,Software Developer,others,12.0,0.5,BU5,3.0,1.0,a2,1.0,Taipei,S9
你觉得IBM是技术导向的么？,not at all,Software Developer,IBM,3.0,0.5,BU5,3.0,1.0,a2,1.0,Taipei,S9
你觉得 invention disclosure 的意义在哪里？,意义在于，脑洞大开后，乘着不着调的想法自由驰骋，怡然自得并自鸣得意，o(∩_∩)o~~,Software Test Specialist,others,12.0,1.0,BU5,3.0,1.0,a2,0.0,Beijing,S9
你觉得 invention disclosure 的意义在哪里？,测试修改答案,Software Test Specialist,others,12.0,0.5,BU5,3.0,1.0,a2,0.0,Beijing,S9
你觉得 invention disclosure 的意义在哪里？,这里可以玩自说自话！,Software Test Specialist,others,12.0,0.5,BU5,3.0,1.0,a2,0.0,Beijing,S9
除了项目以外， 你一周学习新技术的时间有多少？比如：一周1个小时，一周4个小时，一周10个小时，等等？,one hour per week,Software Test Specialist,learn+technique,8.0,0.5,BU5,2.0,1.0,a3,0.0,Taipei,S12
Do you like our new Agile Open Office?,空间开放后讨论问题都必须很小声了,Software Test Specialist,environment+agile,10.0,0.5,BU5,2.0,1.0,a3,0.0,Beijing,S7
CDL办公室管理的挑战：工作日有小朋友跟着家长来上班。一方面，学校放假期间小朋友不能自己呆在家里没有成年人照顾，这对家长来说是很难解决的问题。另一方面，实验室的工作环境和性质对 security 有很高的要求，不适合小朋友逗留。另外，小朋友的嘻闹会影响同事的工作，也时有发生小朋友损坏办公设备的情况，比如在昂贵的投影幕布上用马克笔涂涂画画。最重要的是，小朋友在办公区活动也有很大的安全隐患，比如摔伤、磕碰等等。综上，在这里想听听大家对这一问题的看法和建议。 ,留出一个区域给娃娃们玩，就像京东允许带娃来放在一个托管区，由专门的人看管。这个现象在寒暑假需求会比较大，所以可以这个时期组织下。其他时间允许在家办公。,Software Test Specialist,company management,1.0,1.0,BU5,2.0,1.0,a3,0.0,Beijing,S7
"Dear IBMer, 你觉得你能够做些什么来让IBM重新在业界走上巅峰？",把产品做精简，提高性能。,Software Test Specialist,IBM,3.0,1.0,BU5,2.0,1.0,a3,0.0,Beijing,S7
IBM要转型成功，你认为是技术更重要，还是满足客户需求更重要？,技术是要更好的实现功能。例如排序，不管什么算法只要性能上没有本质上的区别，选用最简单最容易懂的算法就足以，也便于后期维护。做商业软件是为了做更好的产品，技术是实现手段而已。,Software Test Specialist,transformation,11.0,1.0,BU5,2.0,1.0,a3,0.0,Beijing,S7
你认为你所在的产品或项目最需要什么人才，才能够成功？为什么？比如，深刻理解市场的产品经理，技术大牛，开发，测试，运维，销售等等？,深刻理解市场的产品经理,Software Test Specialist,project,4.0,0.5,BU5,2.0,1.0,a3,0.0,Beijing,S7
你认为你所在的产品或项目最需要什么人才，才能够成功？为什么？比如，深刻理解市场的产品经理，技术大牛，开发，测试，运维，销售等等？,良好的沟通和专业的职业素养,Software Test Specialist,project,4.0,1.0,BU5,2.0,1.0,a3,0.0,Beijing,S7
"在转型过程中,你觉得PM的角色应该如何转变才能继续存在下去呢?",在ibm，pm也开始做具体项目中的事情。,Software Test Specialist,transformation,11.0,0.5,BU5,2.0,1.0,a3,0.0,Beijing,S7
你觉得 IBM 最需要改变的文化是什么?,薪水太少,Software Test Specialist,IBM,3.0,0.0,BU5,2.0,1.0,a2,1.0,Taipei,S5
Do you like our new Agile Open Office?,"from the pics, they looks good, but we don't have our own in cdl taipei office!!",Software Test Specialist,environment+agile,10.0,0.909375,BU5,2.0,1.0,a2,1.0,Taipei,S7
Do you like our new Agile Open Office?,we don't have agile office in cdl taipei office...so sad,Software Test Specialist,environment+agile,10.0,0.5,BU5,2.0,1.0,a2,1.0,Taipei,S7
工程师的日常生活里，你觉得甚么最需要去改变？(e.g. 工作态度，社交活动，生活习惯，创新思考，保持热忱... 等，请自由发挥),"思考模式最需要改变,需要多换位思考,从真实世界使用者的角度去反思",Software Test Specialist,engineer,6.0,0.5,BU5,2.0,1.0,a2,1.0,Taipei,S7
除了项目以外， 你一周学习新技术的时间有多少？比如：一周1个小时，一周4个小时，一周10个小时，等等？,"都是利用下班后的时间,上班好忙啊,一周大概6小时",Software Test Specialist,learn+technique,8.0,0.5,BU5,2.0,1.0,a2,1.0,Taipei,S7
说到工程师文化，你想到的前三个词是什么？例如： 自由，效率，平等，尊重，信任，创新，简化流程，快速迭代，一切以解决问题为导向等等,效率 事实 创新,Software Test Specialist,engineer,6.0,1.0,BU5,2.0,1.0,a2,1.0,Taipei,S7
你最喜欢的Whitewater工具是什么？,slack,Software Test Specialist,others,12.0,0.5,BU5,2.0,1.0,a2,1.0,Taipei,S7
你希望工作环境发生的一个小改变是什么？,"多些可以运动的小器材,让大家可以放松和活动",Software Test Specialist,environment+agile,10.0,0.5,BU5,2.0,1.0,a2,1.0,Taipei,S7
你觉得IBM是技术导向的么？,"从lab来看是技术导向,从外界来看是财务数字导向",Software Test Specialist,IBM,3.0,0.5,BU5,2.0,1.0,a2,1.0,Taipei,S7
如何才能在Lab工作的每一天都有好心情,"做的工作内容是有意义的,然后公司提供一个稳定的工作环境",Software Test Specialist,work,0.0,1.0,BU5,2.0,1.0,a2,1.0,Taipei,S7
IT产业正在进行巨大的变革，IBM正在经历必须胜利的转型，作为一个IBMer，具体到你的产品项目中，你认为自己可以做什么样的努力和转变呢？从而帮助你的产品更加成功，帮助CDL转型成功， 帮助IBM转型成功！,"认真的找到产品的defect,提供给dev最佳的修复建议",Software Test Specialist,transformation,11.0,1.0,BU5,2.0,1.0,a2,1.0,Taipei,S7
你最想在工作上做的一个转变（Transformation）是什么，不限于职业规划的转变，可以扩展到你的知识技能体系，工作习惯，沟通管理方式等方面的转变,"增加知识的广度,和产品熟悉度",Software Test Specialist,transformation,11.0,1.0,BU5,2.0,1.0,a2,1.0,Taipei,S7
你心目中的技术大牛是谁？那项技术？为什么？,当然是 rophy tasi! 什么技术都难不倒他,Software Test Specialist,technique,2.0,0.5,BU5,2.0,1.0,a2,1.0,Taipei,S7
Do you love IBM?,"yes, i love it!",Software Test Specialist,IBM,3.0,0.8125,BU5,2.0,1.0,a2,1.0,Taipei,S7
先客观地问自己，我对目前整体的团队氛围满意吗？,加薪吧!!给个让大家能够安心工作的环境,Software Test Specialist,team,5.0,1.0,BU5,2.0,1.0,a2,1.0,Taipei,S7
让你留在IBM的三个原因是什么？,"people, environment, flexibility",Software Test Specialist,IBM,3.0,0.5,BU5,2.0,1.0,a2,1.0,Taipei,S7
你觉得这次使用API来回答问题的活动怎么样? 有culture transformation的感觉吗?,"有喔  很特别, 可以让大家熟悉api,玩玩swagger",Software Test Specialist,jam/api/openwhisk,13.0,1.0,BU5,2.0,1.0,a2,1.0,Taipei,S7
你觉得开源软件会带给企业什么改变？,we are going to lose our jobs!,Software Test Specialist,open source,9.0,0.5,BU5,2.0,1.0,a2,1.0,Taipei,S7
你喜欢现在的工作模式吗？,"不太满意,希望能有多些不同的职务历练",Software Test Specialist,work,0.0,1.0,BU5,2.0,1.0,a2,1.0,Taipei,S7
你最不能忍受的功能是？ （登录慢， 表单填好不能submit，单选框不能点文字选中，etc.）,回应速度慢!!!,Software Test Specialist,others,12.0,0.8571428571428571,BU5,2.0,1.0,a2,1.0,Taipei,S7
What u like the most about the work and what you hate the most?,hate we don't have enough time and resource to finish the works! love our stakeholder appreciate our works!,Software Test Specialist,work,0.0,0.4708333333333333,BU5,2.0,1.0,a2,1.0,Taipei,S7
OSPF的哪个系统最需要改进？,i don't know what's ospf,Software Test Specialist,others,12.0,0.5,BU5,2.0,1.0,a2,1.0,Taipei,S7
我们新装修的Agile workspace， 你觉得还有味吗？,就说没看过了....羨慕死了,Software Test Specialist,environment+agile,10.0,0.5,BU5,2.0,1.0,a2,1.0,Taipei,S7
在你的工作范畴中，有可以接触到的技术大牛吗？是谁？,rophy tsai,Software Test Specialist,work+technique,7.0,0.5,BU5,2.0,1.0,a2,1.0,Taipei,S7
你有机会应用你喜欢的技术到你的日常开发中吗？,我不是开发人员,Software Test Specialist,technique,2.0,0.5,BU5,2.0,1.0,a2,1.0,Taipei,S7
"程序是有生命的，你多久重构一次代码?  比如：一周一次，一月一次，半年一次, 从不？",never!!!,Software Test Specialist,others,12.0,0.5,BU5,2.0,1.0,a2,1.0,Taipei,S7
最近一个月，哪件上班时发生的小事让你觉得苦恼？,i don't have enough budget to keep my engineers,Software Test Specialist,work,0.0,0.5,BU5,2.0,1.0,a2,1.0,Taipei,S7
你是否有过开会厌烦症？让你厌烦开会的原因有哪些？,"有喔, 太多无意义的会,太多要沟通的人员",Software Test Specialist,others,12.0,0.5,BU5,2.0,1.0,a2,1.0,Taipei,S7
你用的最多的开源项目是什么？ （Tomcat， Hibernate， Spring， jQuery， etc.）,no...,Software Test Specialist,open source,9.0,0.5,BU5,2.0,1.0,a2,1.0,Taipei,S7
你和你的团队现在士气如何？,不好...担心饭碗不保,Software Test Specialist,team,5.0,0.0,BU5,2.0,1.0,a2,1.0,Taipei,S7
你参加过最大的项目，有多少人同时工作？,至少几十人吧....,Software Test Specialist,project,4.0,0.5,BU5,2.0,1.0,a2,1.0,Taipei,S7
我们新装修的Agile workspace， 你觉得还有味吗？,怎么又是重复的问题呢....,Software Test Specialist,environment+agile,10.0,0.5,BU5,2.0,1.0,a2,1.0,Taipei,S7
你们团队最近一次对技术方案的热烈讨论是什么时候？,不记得了...,Software Test Specialist,team,5.0,0.5,BU5,2.0,1.0,a2,1.0,Taipei,S7
阻碍你每天能够高效完成工作的原因有哪些?,"太多的会议和并行的多工, context switch overhead太多",Software Test Specialist,work,0.0,0.5,BU5,2.0,1.0,a2,1.0,Taipei,S7
请问你使用API批量回答问题，有成功吗？,"如果失败,要看一下是不是多or少了quote,还是哪个参数没有写到",Software Test Specialist,jam/api/openwhisk,13.0,0.0,BU5,2.0,1.0,a2,1.0,Taipei,S7
为了保证源代码的安全性，你有什么建议或者办法？ ,qradar uba!,Software Test Specialist,others,12.0,0.5,BU5,2.0,1.0,a2,1.0,Taipei,S7
你的产品使用的技术是你感兴趣的么？,application security testing,Software Test Specialist,technique,2.0,0.5,BU5,2.0,1.0,a2,1.0,Taipei,S7
我们怎么做能够帮助IBM成功？,put the client first,Software Test Specialist,IBM,3.0,0.625,BU5,2.0,1.0,a2,1.0,Taipei,S7
"如果开放每个礼拜五可以带毛小孩上班来增加公司活力,你要带什么?",带我家的黄金来!!,Software Test Specialist,company management,1.0,0.5,BU5,2.0,1.0,a2,1.0,Taipei,S7
What is the most challenging thing in your work in the past 6 months?,to negotiate proejct sizing and get dou done,Software Test Specialist,work,0.0,0.5,BU5,2.0,1.0,a2,1.0,Taipei,S7
画质最好的FC(红白机)游戏有哪些？,玛莉兄弟,Software Test Specialist,others,12.0,0.5,BU5,2.0,1.0,a2,1.0,Taipei,S7
最近AI概念很火，你觉得对你的工作会有什么影响？,"要更加紧脚步充实自己的知识和技能,才能更好好的利用ai",Software Test Specialist,work,0.0,1.0,BU5,2.0,1.0,a2,1.0,Taipei,S7
"在转型过程中,你觉得PM的角色应该如何转变才能继续存在下去呢?","也许需要更加拓广知识领域的宽度,才能适应各种不同的转变, 行有馀力,也许也必须要针对产品面加以熟悉吧",Software Test Specialist,transformation,11.0,1.0,BU5,2.0,1.0,a2,1.0,Taipei,S7
你每个月都有持续学习新技术吗？如果没有，你认为拦阻你学习的最大原因是甚么？,有,Software Test Specialist,learn+technique,8.0,0.5,BU5,2.0,1.0,a2,1.0,Taipei,S7
"你觉得现在的工作量分配,是否没有办法让你在正常的工时中保留创新的时间,而必须利用个人时间才能进行创新?","感觉上缺少了一些留白的创新时间,都是必须利用个人时间来进行",Software Test Specialist,work,0.0,0.0,BU5,2.0,1.0,a2,1.0,Taipei,S7
有谁用过WebSphere sMash， Project Zero ?,no...,Software Test Specialist,others,12.0,0.5,BU5,2.0,1.0,a2,1.0,Taipei,S7
Did you learn any new skill this year ? What's it ?,agile planning,Software Test Specialist,learn+technique,8.0,0.75,BU5,2.0,1.0,a2,1.0,Taipei,S7
Did you learn any new skill this year ? What's it ?,"owasp top 10, burpsuite, zap,kali",Software Test Specialist,learn+technique,8.0,0.75,BU5,2.0,1.0,a2,1.0,Taipei,S7
Did you learn any new skill this year ? What's it ?,"yes, penetration test skill",Software Test Specialist,learn+technique,8.0,0.5,BU5,2.0,1.0,a2,1.0,Taipei,S7
Is the working environment comfortable,"in lab, it's ok",Software Test Specialist,environment+agile,10.0,0.75,BU5,2.0,1.0,a2,1.0,Taipei,S7
今年最想学的知识是?,agile planning knowledge,Software Test Specialist,learn+technique,8.0,0.75,BU5,2.0,1.0,a2,1.0,Taipei,S7
今年最想学的知识是?,penetration test knowledge,Software Test Specialist,learn+technique,8.0,0.5,BU5,2.0,1.0,a2,1.0,Taipei,S7
你觉得 IBM 最需要改变的文化是什么?,不要只看财务数字,Software Test Specialist,IBM,3.0,0.0,BU5,2.0,1.0,a2,1.0,Taipei,S7
What comprises an organization's culture?,"people, process, technology",Software Test Specialist,company management,1.0,0.5,BU5,2.0,1.0,a2,1.0,Taipei,S7
你了解当下最火爆的技术有哪些?,对话机器人,Software Test Specialist,technique,2.0,0.5,BU5,2.0,1.0,a2,1.0,Taipei,S7
如何和Team一起学习目前与工作不相干，但未来或许要掌握的认知、云计算技术呢,"真诚坦白的和team说明这技术是什么,日后发展,和对项目长期的影响",Software Test Specialist,team,5.0,0.6666666666666666,BU5,2.0,1.0,a2,1.0,Taipei,S7
你觉得这个OpenWhisk好用吗？,还可以，要是try it out之后的结果更突出显示就更好了。我打开的section有点多，一不小心会看错,Software Test Specialist,jam/api/openwhisk,13.0,1.0,BU5,2.0,1.0,a2,0.0,Ningbo,S5
nan,上周没时间参加，刚刚看了下，这个ui还蛮容易上手的，我们也可以试着把我们的api放到openwisk来呢,Software Test Specialist,,,1.0,BU5,2.0,1.0,a2,0.0,Ningbo,S5
你们的项目中开发用的是什么tool来管理defect，RTC，Git，Bugzilla，或者其他?,version 1,Software Test Specialist,project,4.0,0.5,BU5,2.0,1.0,a2,0.0,Beijing,S4
CDL办公室管理的挑战：工作日有小朋友跟着家长来上班。一方面，学校放假期间小朋友不能自己呆在家里没有成年人照顾，这对家长来说是很难解决的问题。另一方面，实验室的工作环境和性质对 security 有很高的要求，不适合小朋友逗留。另外，小朋友的嘻闹会影响同事的工作，也时有发生小朋友损坏办公设备的情况，比如在昂贵的投影幕布上用马克笔涂涂画画。最重要的是，小朋友在办公区活动也有很大的安全隐患，比如摔伤、磕碰等等。综上，在这里想听听大家对这一问题的看法和建议。 ,可以考虑在家工作，或者在办公室可以安排专门的一个区域给不得不带孩子上班的同事，这样比较集中，而且如果和一般的办公区域隔开也不会打扰到其他同事。,Software Test Specialist,company management,1.0,1.0,BU5,2.0,1.0,a2,1.0,Beijing,S6
IBM要转型成功，你认为是技术更重要，还是满足客户需求更重要？,分清看看，能建立技术壁垒的技术很重要，否则客户的需求很重要。,Software Test Specialist,transformation,11.0,1.0,BU5,2.0,1.0,a2,1.0,Beijing,S6
IT产业正在进行巨大的变革，IBM正在经历必须胜利的转型，作为一个IBMer，具体到你的产品项目中，你认为自己可以做什么样的努力和转变呢？从而帮助你的产品更加成功，帮助CDL转型成功， 帮助IBM转型成功！,不管是哪个产品，哪个项目，我觉得ibm和 cdl应该大力的推广内部竞争，提倡狼文化，才更能适应外部市场环境。,Software Test Specialist,transformation,11.0,1.0,BU5,2.0,1.0,a2,1.0,Beijing,S6
What is the latest study plan? on what topic?,blockchain,Software Test Specialist,learn+technique,8.0,0.5,BU5,2.0,1.0,a2,1.0,Beijing,S6
你们的项目中开发用的是什么tool来管理defect，RTC，Git，Bugzilla，或者其他?,之前用rtc，现在用 git 了,Software Test Specialist,project,4.0,0.5,BU5,2.0,1.0,a2,1.0,Beijing,S6
在TVT中发现的defect比GVT中的少，那么你认为是否可以减少每一轮TVT的pass数量，或者针对Agile的项目减少TVT的次数？,应该不太合适减少，毕竟 gvt and tvt 关注的内容不太一样,Software Test Specialist,others,12.0,1.0,BU5,2.0,1.0,a2,1.0,Beijing,S6
What is the latest study plan? on what topic?,"restful api, and jsp",Software Test Specialist,learn+technique,8.0,0.5,BU5,2.0,1.0,a2,0.0,Beijing,S7
IBM要转型成功，你认为是技术更重要，还是满足客户需求更重要？,首先要发掘客户的需要，然后用技术来满足客户的需要，技术不是最重要的，用技术来为客户创造价值才是最重要的！,Software Developer,transformation,11.0,0.6363636363636364,BU5,2.0,1.0,a2,1.0,Xi'an,S6
你认为你所在的产品或项目最需要什么人才，才能够成功？为什么？比如，深刻理解市场的产品经理，技术大牛，开发，测试，运维，销售等等？,你提的问题好有深度，呵呵，需要什么要的人才要看项目吧，不能一概而论。,Software Developer,project,4.0,0.0,BU5,2.0,1.0,a2,1.0,Xi'an,S6
IBM要转型成功，你认为是技术更重要，还是满足客户需求更重要？,为客户解决实际问题，助力他们走向组织和个体的成功,Designer,transformation,11.0,1.0,BU5,2.0,1.0,a1,0.0,Shanghai,S1
IBM要转型成功，你认为是技术更重要，还是满足客户需求更重要？,战略上继续引领技术潮流赢在未来，战术上满足客户需求赢在当下,Software Test Specialist,transformation,11.0,1.0,BU5,2.0,1.0,a1,1.0,Ningbo,S4
你觉得这次使用API来回答问题的活动怎么样? 有culture transformation的感觉吗?,挺好的，平常可以多搞一些类似寓教于乐的活动，让大家在熟悉新技术的同时多交流,Software Test Specialist,jam/api/openwhisk,13.0,1.0,BU5,2.0,1.0,a1,1.0,Ningbo,S4
你喜欢下午茶吗?请列出你喜欢的种类，或许不久公司会实现哦,喜欢下午茶，咖啡咖啡咖啡,Software Test Specialist,company management,1.0,1.0,BU5,2.0,1.0,a1,0.0,Ningbo,S4
你喜欢下午茶吗?请列出你喜欢的种类，或许不久公司会实现哦,红茶，绿茶,Software Test Specialist,company management,1.0,0.5,BU5,2.0,1.0,a1,0.0,Ningbo,S4
Do you like our new Agile Open Office?,like,Software Test Specialist,environment+agile,10.0,0.5,BU5,1.0,1.0,a2,0.0,Ningbo,S1
工程师的日常生活里，你觉得甚么最需要去改变？(e.g. 工作态度，社交活动，生活习惯，创新思考，保持热忱... 等，请自由发挥),激情，社交，创新思维以及锻炼,Software Test Specialist,engineer,6.0,1.0,BU5,1.0,1.0,a2,0.0,Ningbo,S1
工程师的日常生活里，你觉得甚么最需要去改变？(e.g. 工作态度，社交活动，生活习惯，创新思考，保持热忱... 等，请自由发挥),生活态度,Software Test Specialist,engineer,6.0,0.5,BU5,1.0,1.0,a2,0.0,Ningbo,S1
除了项目以外， 你一周学习新技术的时间有多少？比如：一周1个小时，一周4个小时，一周10个小时，等等？,3小时,Software Test Specialist,learn+technique,8.0,0.5,BU5,1.0,1.0,a2,0.0,Ningbo,S1
说到工程师文化，你想到的前三个词是什么？例如： 自由，效率，平等，尊重，信任，创新，简化流程，快速迭代，一切以解决问题为导向等等,简化流程,Software Test Specialist,engineer,6.0,0.5,BU5,1.0,1.0,a2,0.0,Ningbo,S1
你觉得这个OpenWhisk好用吗？,bulemix上call api不是很方便，要自己编辑参数,Software Test Specialist,jam/api/openwhisk,13.0,0.0,BU5,1.0,1.0,a2,0.0,Ningbo,S1
最近AI概念很火，你觉得对你的工作会有什么影响？,在工作上还没感受到太多,Software Test Specialist,work,0.0,0.5,BU5,1.0,1.0,a2,0.0,Ningbo,S1
你最近在忙什么？,project,Software Test Specialist,others,12.0,0.5,BU5,1.0,1.0,a2,0.0,Ningbo,S1
Agile?????????,angile?,Software Test Specialist,environment+agile,10.0,0.5,BU5,1.0,1.0,a2,0.0,Ningbo,S1
你最想在工作上做的一个转变（Transformation）是什么，不限于职业规划的转变，可以扩展到你的知识技能体系，工作习惯，沟通管理方式等方面的转变,"get to know other walks of life (dev, design, marketing ...)",Information Developer,transformation,11.0,0.4375,BU5,1.0,1.0,a1,0.0,Shanghai,S1
工程师的日常生活里，你觉得甚么最需要去改变？(e.g. 工作态度，社交活动，生活习惯，创新思考，保持热忱... 等，请自由发挥),"变化, more non-routine works to keep our brain fresh.",Software Test Specialist,engineer,6.0,0.5,BU5,1.0,1.0,a1,1.0,Taipei,S1
除了项目以外， 你一周学习新技术的时间有多少？比如：一周1个小时，一周4个小时，一周10个小时，等等？,"about 4 hrs, study things i'm interested in when out of office time",Software Test Specialist,learn+technique,8.0,0.625,BU5,1.0,1.0,a1,1.0,Taipei,S1
IBM要转型成功，你认为是技术更重要，还是满足客户需求更重要？,it depends,Software Test Specialist,transformation,11.0,0.5,BU5,1.0,1.0,a1,1.0,Taipei,S1
说到工程师文化，你想到的前三个词是什么？例如： 自由，效率，平等，尊重，信任，创新，简化流程，快速迭代，一切以解决问题为导向等等,"创新, 自由, 合作",Software Test Specialist,engineer,6.0,1.0,BU5,1.0,1.0,a1,1.0,Taipei,S1
你最喜欢的Whitewater工具是什么？,skill soft,Software Test Specialist,others,12.0,0.55,BU5,1.0,1.0,a1,1.0,Taipei,S1
你希望工作环境发生的一个小改变是什么？,营造一个大家更愿意投入新事物的氛围,Software Test Specialist,environment+agile,10.0,1.0,BU5,1.0,1.0,a1,1.0,Taipei,S1
你觉得IBM是技术导向的么？,not really,Software Test Specialist,IBM,3.0,0.45,BU5,1.0,1.0,a1,1.0,Taipei,S1
如何才能在Lab工作的每一天都有好心情,"听音乐, 告诉自己我在做有意义的事情 : -)",Software Test Specialist,work,0.0,0.5,BU5,1.0,1.0,a1,1.0,Taipei,S1
你心目中的技术大牛是谁？那项技术？为什么？,"boyi tzen, globalization enablement",Software Test Specialist,technique,2.0,0.5,BU5,1.0,1.0,a1,1.0,Taipei,S1
你觉得这次使用API来回答问题的活动怎么样? 有culture transformation的感觉吗?,"老实说, 觉得有点麻烦@.@",Software Test Specialist,jam/api/openwhisk,13.0,0.0,BU5,1.0,1.0,a1,1.0,Taipei,S1
你觉得目前最欠缺那一类型的Community可以帮助转型?,"no idea. 也许把think40, 换成每年一个skill enablement?",Software Test Specialist,transformation,11.0,0.5,BU5,1.0,1.0,a1,1.0,Taipei,S1
CDL办公室管理的挑战：工作日有小朋友跟着家长来上班。一方面，学校放假期间小朋友不能自己呆在家里没有成年人照顾，这对家长来说是很难解决的问题。另一方面，实验室的工作环境和性质对 security 有很高的要求，不适合小朋友逗留。另外，小朋友的嘻闹会影响同事的工作，也时有发生小朋友损坏办公设备的情况，比如在昂贵的投影幕布上用马克笔涂涂画画。最重要的是，小朋友在办公区活动也有很大的安全隐患，比如摔伤、磕碰等等。综上，在这里想听听大家对这一问题的看法和建议。 ,如果有需求的人很多，也可以开个暑期照顾营队给公司同事的小孩们,Software Test Specialist,company management,1.0,0.5,BU5,1.0,1.0,a1,0.0,Taipei,S1
Do you like this Jam?,it's a really nice way to let everyone familiar with restful api . :),Software Test Specialist,jam/api/openwhisk,13.0,0.7458333333333333,BU5,1.0,1.0,a1,0.0,Taipei,S1
最近一个月，哪件上班时发生的小事让你觉得苦恼？,想去看世大运，可是要上班qq,Software Test Specialist,work,0.0,0.5,BU5,1.0,1.0,a1,0.0,Taipei,S1
请问你使用API批量回答问题，有成功吗？,有呜~,Software Test Specialist,jam/api/openwhisk,13.0,0.5,BU5,1.0,1.0,a1,0.0,Taipei,S1
除了项目以外， 你一周学习新技术的时间有多少？比如：一周1个小时，一周4个小时，一周10个小时，等等？,不确定大约3,Software Test Specialist,learn+technique,8.0,0.5,BU5,1.0,1.0,a1,0.0,Ningbo,S5
你觉得IBM是技术导向的么？,cognitive,Software Test Specialist,IBM,3.0,0.5,BU5,1.0,1.0,a1,0.0,Ningbo,S5
你心目中的技术大牛是谁？那项技术？为什么？,徐大哥,Software Test Specialist,technique,2.0,0.5,BU5,1.0,1.0,a1,0.0,Ningbo,S5
你喜欢现在的工作模式吗？,喜欢,Software Test Specialist,work,0.0,1.0,BU5,1.0,1.0,a1,0.0,Ningbo,S5
你觉得这个OpenWhisk好用吗？,yes,Software Test Specialist,jam/api/openwhisk,13.0,1.0,BU5,1.0,1.0,a1,0.0,Ningbo,S5
你喜欢下午茶吗?请列出你喜欢的种类，或许不久公司会实现哦,yes,Software Test Specialist,company management,1.0,1.0,BU5,1.0,1.0,a1,0.0,Ningbo,S5
你的产品使用的技术是你感兴趣的么？,yes,Software Test Specialist,technique,2.0,1.0,BU5,1.0,1.0,a1,0.0,Ningbo,S5
CDL办公室管理的挑战：工作日有小朋友跟着家长来上班。一方面，学校放假期间小朋友不能自己呆在家里没有成年人照顾，这对家长来说是很难解决的问题。另一方面，实验室的工作环境和性质对 security 有很高的要求，不适合小朋友逗留。另外，小朋友的嘻闹会影响同事的工作，也时有发生小朋友损坏办公设备的情况，比如在昂贵的投影幕布上用马克笔涂涂画画。最重要的是，小朋友在办公区活动也有很大的安全隐患，比如摔伤、磕碰等等。综上，在这里想听听大家对这一问题的看法和建议。 ,不认为家长应该带孩子来上班，孩子太小会吵闹，影响到其他同事。,Software Test Specialist,company management,1.0,0.0,BU5,1.0,1.0,a0,0.0,Ningbo,S1
Do you like our new Agile Open Office?,we don't even have agile open office in cdl taipei office...,Software Release Manager,environment+agile,10.0,0.625,BU6,5.0,0.0,a6,1.0,Taipei,S15
CDL办公室管理的挑战：工作日有小朋友跟着家长来上班。一方面，学校放假期间小朋友不能自己呆在家里没有成年人照顾，这对家长来说是很难解决的问题。另一方面，实验室的工作环境和性质对 security 有很高的要求，不适合小朋友逗留。另外，小朋友的嘻闹会影响同事的工作，也时有发生小朋友损坏办公设备的情况，比如在昂贵的投影幕布上用马克笔涂涂画画。最重要的是，小朋友在办公区活动也有很大的安全隐患，比如摔伤、磕碰等等。综上，在这里想听听大家对这一问题的看法和建议。 ,ibm tokyo office 有设置员工幼儿园，也许可以参考这样子的作法,Software Release Manager,company management,1.0,0.5,BU6,5.0,0.0,a6,1.0,Taipei,S15
工程师的日常生活里，你觉得甚么最需要去改变？(e.g. 工作态度，社交活动，生活习惯，创新思考，保持热忱... 等，请自由发挥),"敬业态度, 创新思考, 谦虚为怀",Software Release Manager,engineer,6.0,1.0,BU6,5.0,0.0,a6,1.0,Taipei,S15
"Dear IBMer, 你觉得你能够做些什么来让IBM重新在业界走上巅峰？",1. ibm to invest on people 2. stop jamming and focus on execution of ibm strategy,Software Release Manager,IBM,3.0,0.5,BU6,5.0,0.0,a6,1.0,Taipei,S15
Do you like this Jam?,"i would like it more if you could improve the ui of this jam page, mixing two purposes together is just de-focusing the jam objective",Software Release Manager,jam/api/openwhisk,13.0,0.625,BU6,5.0,0.0,a6,1.0,Taipei,S15
Do you like this Jam?,"i would like it more if you could improve the ui of this jam page, mixing two purposes together is just de-focusing the jam objective",Software Release Manager,jam/api/openwhisk,13.0,0.625,BU6,5.0,0.0,a6,1.0,Taipei,S15
工程师的日常生活里，你觉得甚么最需要去改变？(e.g. 工作态度，社交活动，生活习惯，创新思考，保持热忱... 等，请自由发挥),mindset,Software Release Manager,engineer,6.0,0.5,BU6,5.0,0.0,a6,0.0,Taipei,S24
"Dear IBMer, 你觉得你能够做些什么来让IBM重新在业界走上巅峰？","speed! the speed of responding to the market. remove bureaucracy, more collaboration, and simplification.",Software Release Manager,IBM,3.0,0.75,BU6,5.0,0.0,a6,0.0,Taipei,S24
IT产业正在进行巨大的变革，IBM正在经历必须胜利的转型，作为一个IBMer，具体到你的产品项目中，你认为自己可以做什么样的努力和转变呢？从而帮助你的产品更加成功，帮助CDL转型成功， 帮助IBM转型成功！,"always listen to customers, and implement what most customers need in products.",Software Release Manager,transformation,11.0,0.75,BU6,5.0,0.0,a6,0.0,Taipei,S24
Do you like this Jam?,it is fun,Offering Manager,jam/api/openwhisk,13.0,0.65,BU6,4.0,1.0,a5,0.0,Taipei,S8
Do you like our new Agile Open Office?,"yes, i like",Solution Manager,environment+agile,10.0,0.5,BU6,4.0,0.0,a4,1.0,Taipei,S14
工程师的日常生活里，你觉得甚么最需要去改变？(e.g. 工作态度，社交活动，生活习惯，创新思考，保持热忱... 等，请自由发挥),生活习惯，创新思考，社交活动,Solution Manager,engineer,6.0,0.5,BU6,4.0,0.0,a4,1.0,Taipei,S14
"Dear IBMer, 你觉得你能够做些什么来让IBM重新在业界走上巅峰？",lead team to create more innovations into soluitons to make ibm solution outstanding,Solution Manager,IBM,3.0,0.75,BU6,4.0,0.0,a4,1.0,Taipei,S14
工程师的日常生活里，你觉得甚么最需要去改变？(e.g. 工作态度，社交活动，生活习惯，创新思考，保持热忱... 等，请自由发挥),态度,Software Release Manager,engineer,6.0,0.5,BU6,4.0,0.0,a4,1.0,Taipei,S17
Do you like this Jam?,"i hate it, especially when i saw the score card of each bu's participation. again, it's not the culture i like.",Software Release Manager,jam/api/openwhisk,13.0,0.3,BU6,4.0,0.0,a4,1.0,Taipei,S17
阻碍你每天能够高效完成工作的原因有哪些?,杂务太多，例如花时间在这个不怎么user friendly的jam.,Software Release Manager,work,0.0,0.5,BU6,4.0,0.0,a4,1.0,Taipei,S17
Do you like our new Agile Open Office?,not really...,Software Developer,environment+agile,10.0,0.45,BU6,4.0,0.0,a4,0.0,Taipei,S17
你觉得IBM是技术导向的么？,"providing good product/service that clients like, using suitable technology, might be more important.",Software Developer,IBM,3.0,0.76875,BU6,4.0,0.0,a4,0.0,Taipei,S17
Do you like this Jam?,"the jam has a lot of room for improvement, especially in user experience. the jam purpose is good but the way to achieve the purpose might not.",Software Developer,jam/api/openwhisk,13.0,0.675,BU6,4.0,0.0,a4,0.0,Taipei,S17
工程师的日常生活里，你觉得甚么最需要去改变？(e.g. 工作态度，社交活动，生活习惯，创新思考，保持热忱... 等，请自由发挥),"工作态度, 专业性, 团队合作, 人际关系",Software Release Manager,engineer,6.0,0.5,BU6,3.0,0.0,a6,1.0,Taipei,S24
Do you like our new Agile Open Office?,"""so far so good""",Software Developer,environment+agile,10.0,0.7,BU6,3.0,1.0,a4,1.0,Taipei,S6
你觉得这个OpenWhisk好用吗？,变成api的接口来操作，感觉变的太不亲和了。,App Integ & Middleware Solutio,jam/api/openwhisk,13.0,0.0,BU6,3.0,1.0,a4,1.0,Taipei,S17
工程师的日常生活里，你觉得甚么最需要去改变？(e.g. 工作态度，社交活动，生活习惯，创新思考，保持热忱... 等，请自由发挥),"接受改变, 持续学习",Software Test Specialist,engineer,6.0,1.0,BU6,3.0,0.0,a3,1.0,Taipei,S6
Do you like our new Agile Open Office?,yes! but we don't really have agile open office in cdl taipei office.....,Project Manager,environment+agile,10.0,0.6166666666666667,BU6,3.0,1.0,a3,1.0,Taipei,S11
Do you like this Jam?,i hate this. i don't really jam sth for ideas but ask people to waste time on an immature platform,Software Release Manager,jam/api/openwhisk,13.0,0.3666666666666667,BU6,3.0,0.0,a3,1.0,Taipei,S12
CDL办公室管理的挑战：工作日有小朋友跟着家长来上班。一方面，学校放假期间小朋友不能自己呆在家里没有成年人照顾，这对家长来说是很难解决的问题。另一方面，实验室的工作环境和性质对 security 有很高的要求，不适合小朋友逗留。另外，小朋友的嘻闹会影响同事的工作，也时有发生小朋友损坏办公设备的情况，比如在昂贵的投影幕布上用马克笔涂涂画画。最重要的是，小朋友在办公区活动也有很大的安全隐患，比如摔伤、磕碰等等。综上，在这里想听听大家对这一问题的看法和建议。 ,办公室环境不适合带小朋友来上班，一方面公司没有提供孩子们玩耍的区域，另一方面同事如果要照顾小孩，则会没有办法专心上班，容易耽误工作。,Software Test Specialist,company management,1.0,0.6666666666666666,BU6,3.0,1.0,a3,0.0,Taipei,S16
工程师的日常生活里，你觉得甚么最需要去改变？(e.g. 工作态度，社交活动，生活习惯，创新思考，保持热忱... 等，请自由发挥),good,Software Test Specialist,engineer,6.0,0.85,BU6,3.0,1.0,a3,0.0,Taipei,S16
工程师的日常生活里，你觉得甚么最需要去改变？(e.g. 工作态度，社交活动，生活习惯，创新思考，保持热忱... 等，请自由发挥),更多让自己保持开放的心态，跟同事多沟通互动,Software Test Specialist,engineer,6.0,0.5,BU6,3.0,1.0,a3,0.0,Taipei,S16
工程师的日常生活里，你觉得甚么最需要去改变？(e.g. 工作态度，社交活动，生活习惯，创新思考，保持热忱... 等，请自由发挥),生活习惯的调整，譬如说多一点运动，注意饮食，身体健康才能快乐的工作。有机会学习新技术，让自己持续保有热忱,Software Test Specialist,engineer,6.0,1.0,BU6,3.0,1.0,a3,0.0,Taipei,S16
IT产业正在进行巨大的变革，IBM正在经历必须胜利的转型，作为一个IBMer，具体到你的产品项目中，你认为自己可以做什么样的努力和转变呢？从而帮助你的产品更加成功，帮助CDL转型成功， 帮助IBM转型成功！,keep myself accept new change,Software Test Specialist,transformation,11.0,0.5681818181818181,BU6,3.0,1.0,a3,0.0,Taipei,S16
你觉得这次使用API来回答问题的活动怎么样? 有culture transformation的感觉吗?,不好用，而且使用api 的接口会同时失去了焦点。jam 的接口应该越简单越好，这样才可以引发更多人愿意上来发表,Software Test Specialist,jam/api/openwhisk,13.0,0.3333333333333333,BU6,3.0,1.0,a3,0.0,Taipei,S16
你最不能忍受的功能是？ （登录慢， 表单填好不能submit，单选框不能点文字选中，etc.）,网络太慢,Software Test Specialist,others,12.0,0.5,BU6,3.0,1.0,a3,0.0,Taipei,S16
Do you like this Jam?,如果jam接口做的更友善好用的话会更好，还有让大家可以对好的答案和问题按讚，可以有更多input，还有进步的空间,Software Test Specialist,jam/api/openwhisk,13.0,1.0,BU6,3.0,1.0,a3,0.0,Taipei,S16
你喜欢下午茶吗?请列出你喜欢的种类，或许不久公司会实现哦,可以提供好吃的饼干蛋糕或是水果,Software Test Specialist,company management,1.0,1.0,BU6,3.0,1.0,a3,0.0,Taipei,S16
"如果开放每个礼拜五可以带毛小孩上班来增加公司活力,你要带什么?",可惜目前没有养宠物，不过如果有开放的话，希望大家带来的宠物是不会随地大小便且不会有味道的,Software Test Specialist,company management,1.0,0.5,BU6,3.0,1.0,a3,0.0,Taipei,S16
工程师的日常生活里，你觉得甚么最需要去改变？(e.g. 工作态度，社交活动，生活习惯，创新思考，保持热忱... 等，请自由发挥),open culture,Application Architect,engineer,6.0,0.5,BU6,3.0,1.0,a2,1.0,Taipei,S9
工程师的日常生活里，你觉得甚么最需要去改变？(e.g. 工作态度，社交活动，生活习惯，创新思考，保持热忱... 等，请自由发挥),好奇与热忱,Software Test Specialist,engineer,6.0,1.0,BU6,2.0,1.0,a4,1.0,Taipei,S10
工程师的日常生活里，你觉得甚么最需要去改变？(e.g. 工作态度，社交活动，生活习惯，创新思考，保持热忱... 等，请自由发挥),好奇与热忱+1,Software Test Specialist,engineer,6.0,1.0,BU6,2.0,1.0,a4,1.0,Taipei,S10
工程师的日常生活里，你觉得甚么最需要去改变？(e.g. 工作态度，社交活动，生活习惯，创新思考，保持热忱... 等，请自由发挥),好奇与热忱+1+1,Software Test Specialist,engineer,6.0,1.0,BU6,2.0,1.0,a4,1.0,Taipei,S10
工程师的日常生活里，你觉得甚么最需要去改变？(e.g. 工作态度，社交活动，生活习惯，创新思考，保持热忱... 等，请自由发挥),好奇与热忱+1+1+1,Software Test Specialist,engineer,6.0,1.0,BU6,2.0,1.0,a4,1.0,Taipei,S10
工程师的日常生活里，你觉得甚么最需要去改变？(e.g. 工作态度，社交活动，生活习惯，创新思考，保持热忱... 等，请自由发挥),好奇与热忱+1+1+1+1,Software Test Specialist,engineer,6.0,1.0,BU6,2.0,1.0,a4,1.0,Taipei,S10
工程师的日常生活里，你觉得甚么最需要去改变？(e.g. 工作态度，社交活动，生活习惯，创新思考，保持热忱... 等，请自由发挥),放宽免费软件使用限制,Software Test Specialist,engineer,6.0,0.0,BU6,2.0,1.0,a4,1.0,Taipei,S10
你每个月都有持续学习新技术吗？如果没有，你认为拦阻你学习的最大原因是甚么？,体力,Software Test Specialist,learn+technique,8.0,0.5,BU6,2.0,1.0,a4,1.0,Taipei,S10
工程师的日常生活里，你觉得甚么最需要去改变？(e.g. 工作态度，社交活动，生活习惯，创新思考，保持热忱... 等，请自由发挥),"需要先专注在自己专业领堿或是负责工作之后有馀裕, 才能鼓励多发展各 extened skill or knowledge. 例如,工程师应先顾好自己的份内工作, (developing or testing ) 之后 assist out of scope project.",Technical Support Professional,engineer,6.0,1.0,BU6,2.0,1.0,a4,0.0,Taipei,S13
工程师的日常生活里，你觉得甚么最需要去改变？(e.g. 工作态度，社交活动，生活习惯，创新思考，保持热忱... 等，请自由发挥),保持对生活的热忱，除了整天对着电脑之外，也培养一些其他的兴趣,Software Performance Analyst,engineer,6.0,1.0,BU6,2.0,1.0,a4,0.0,Taipei,S14
你每个月都有持续学习新技术吗？如果没有，你认为拦阻你学习的最大原因是甚么？,最大问题是没有多的时间。。。,Software Performance Analyst,learn+technique,8.0,0.5,BU6,2.0,1.0,a4,0.0,Taipei,S14
"Dear IBMer, 你觉得你能够做些什么来让IBM重新在业界走上巅峰？",work with team members to create more innovated solutions to make ibm great again! every little contribution matters!,Application Architect,IBM,3.0,0.7109375,BU6,2.0,1.0,a1,0.0,Taipei,S2
工程师的日常生活里，你觉得甚么最需要去改变？(e.g. 工作态度，社交活动，生活习惯，创新思考，保持热忱... 等，请自由发挥),保持热忱,Software Developer,engineer,6.0,1.0,BU6,1.0,1.0,a1,1.0,Taipei,S2
工程师的日常生活里，你觉得甚么最需要去改变？(e.g. 工作态度，社交活动，生活习惯，创新思考，保持热忱... 等，请自由发挥),生活习惯,Software Test Specialist,engineer,6.0,0.5,BU6,1.0,1.0,a1,0.0,Taipei,S2
工程师的日常生活里，你觉得甚么最需要去改变？(e.g. 工作态度，社交活动，生活习惯，创新思考，保持热忱... 等，请自由发挥), 要注意不要太长时间只看着电脑，可以每隔一段时间花个一秒去望一下远方,Software Developer,engineer,6.0,0.0,BU6,1.0,1.0,a0,0.0,Taipei,S1
CDL办公室管理的挑战：工作日有小朋友跟着家长来上班。一方面，学校放假期间小朋友不能自己呆在家里没有成年人照顾，这对家长来说是很难解决的问题。另一方面，实验室的工作环境和性质对 security 有很高的要求，不适合小朋友逗留。另外，小朋友的嘻闹会影响同事的工作，也时有发生小朋友损坏办公设备的情况，比如在昂贵的投影幕布上用马克笔涂涂画画。最重要的是，小朋友在办公区活动也有很大的安全隐患，比如摔伤、磕碰等等。综上，在这里想听听大家对这一问题的看法和建议。 ,在某种程度上理解同事有可能暑假期间没有办法，但是在上海，我见到有带保姆和孩子一起上班的，彻底扭转了我的观点，办公场所应该有个办公场所的样子，几个保姆和孩子在茶水间玩的闹的，影响太坏，既然如此，不如禁止！,Product Manager,company management,1.0,0.75,BU7,5.0,0.0,a4,1.0,Beijing,S16
Do you like our new Agile Open Office?,yes,Infrastructure Architect,environment+agile,10.0,1.0,BU7,4.0,1.0,a4,1.0,Beijing,S8
"Dear IBMer, 你觉得你能够做些什么来让IBM重新在业界走上巅峰？",ibm缺的不是技术和产品，ibm需要的是业务模式的创新。如何适应现在开源驱动和互联网厂商驱动的市场现状和发展趋势，是ibm需要面对和处理的问题。,Infrastructure Architect,IBM,3.0,0.5,BU7,4.0,1.0,a4,1.0,Beijing,S8
IBM要转型成功，你认为是技术更重要，还是满足客户需求更重要？,技术是重要，但是满足客户的需求更为重要。因为技术是为客户服务的，技术的好与不好是相对的，满足客户的需求才是最合适的。在满足客户需求的前提下，可以以敏捷的方式不断完善技术。只有先满足客户的需求，让客户由于使用了合适的技术实现了业务价值，保持与客户的长期合作，这才是双赢的做法。再说现在的市场是开源驱动的市场，产品和解决方案的可替代性是非常强的，技术上的领先未必能赢得客户。,Infrastructure Architect,transformation,11.0,0.7142857142857143,BU7,4.0,1.0,a4,1.0,Beijing,S8
你认为你所在的产品或项目最需要什么人才，才能够成功？为什么？比如，深刻理解市场的产品经理，技术大牛，开发，测试，运维，销售等等？,英明的领导 + 深刻理解市场的产品经理,Infrastructure Architect,project,4.0,1.0,BU7,4.0,1.0,a4,1.0,Beijing,S8
IT产业正在进行巨大的变革，IBM正在经历必须胜利的转型，作为一个IBMer，具体到你的产品项目中，你认为自己可以做什么样的努力和转变呢？从而帮助你的产品更加成功，帮助CDL转型成功， 帮助IBM转型成功！,ibm的成功转型离不开每个人的努力，努力不一定成功，不努力一定不能成功。成功需要有明确的方向、对市场的熟悉程度、对竞争对手的竞争分析、对于与客户双赢理念的理解、高效团队的通力合作、对客户需求的响应速度、对目前开源驱动的规则的理解与相应对策、切实可行的行动计划。,Infrastructure Architect,transformation,11.0,0.5384615384615384,BU7,4.0,1.0,a4,1.0,Beijing,S8
Do you like our new Agile Open Office?,yes!,Infrastructure Architect,environment+agile,10.0,0.5,BU7,4.0,1.0,a4,1.0,Beijing,S9
除了项目以外， 你一周学习新技术的时间有多少？比如：一周1个小时，一周4个小时，一周10个小时，等等？,3 hours,Infrastructure Architect,learn+technique,8.0,0.5,BU7,4.0,1.0,a4,1.0,Beijing,S9
Do you like our new Agile Open Office?,yes,People Manager,environment+agile,10.0,1.0,BU7,4.0,0.0,a4,1.0,Beijing,S10
IT产业正在进行巨大的变革，IBM正在经历必须胜利的转型，作为一个IBMer，具体到你的产品项目中，你认为自己可以做什么样的努力和转变呢？从而帮助你的产品更加成功，帮助CDL转型成功， 帮助IBM转型成功！,首先要明确客户的真正需求是什么，如何帮助客户实现他们的价值。,People Manager,transformation,11.0,1.0,BU7,4.0,0.0,a4,1.0,Beijing,S10
"David Kenny在上午的TownHall上说""Powerpoint is neither powerful or pointed"". 你怎么看？",不同意,Software Architect,others,12.0,0.0,BU7,4.0,0.0,a3,1.0,Beijing,S9
你最喜欢的Whitewater工具是什么？,zenhub,Software Architect,others,12.0,0.5,BU7,4.0,1.0,a3,1.0,Beijing,S10
Do you like our new Agile Open Office?,什么是 agile open office?,Software Developer,environment+agile,10.0,0.625,BU7,4.0,1.0,a3,1.0,Beijing,S12
你最喜欢的Whitewater工具是什么？,elk,Software Developer,others,12.0,0.5,BU7,4.0,1.0,a3,1.0,Beijing,S12
Do you like our new Agile Open Office?,yes,Software Release Manager,environment+agile,10.0,1.0,BU7,4.0,0.0,a3,1.0,Beijing,S13
Any ideas on team building in Sep? To enjoy BJ's autumn,合作竞争并存的活动,Software Designer,team,5.0,0.5,BU7,3.0,1.0,a4,0.0,Beijing,S2
Do you like our new Agile Open Office?,i like it and it is better if providing more guidance and best practice for begginner,Software Test Specialist,environment+agile,10.0,0.8333333333333333,BU7,3.0,1.0,a4,0.0,Beijing,S7
Do you like our new Agile Open Office?,yes we like it,Software Performance Analyst,environment+agile,10.0,0.5,BU7,3.0,1.0,a3,0.0,Beijing,S5
IBM要转型成功，你认为是技术更重要，还是满足客户需求更重要？,我认为技术重要，没有过硬的领先的技术，如何吸引客户，如何占领先机,Software Developer,transformation,11.0,0.5,BU7,3.0,1.0,a3,1.0,Xi'an,S9
Do you like our new Agile Open Office?,"yes, i like the agile open office",Software Developer,environment+agile,10.0,0.625,BU7,3.0,1.0,a2,0.0,Beijing,S7
Do you like our new Agile Open Office?,"yes, it's very impressive",Software Developer,environment+agile,10.0,1.0,BU7,3.0,0.0,a2,1.0,Beijing,S7
Do you like our new Agile Open Office?,yes. i like it.,Project Manager,environment+agile,10.0,0.5,BU7,2.0,1.0,a3,0.0,Shanghai,S8
你用的最多的开源项目是什么？ （Tomcat， Hibernate， Spring， jQuery， etc.）,jquery,Software Developer,open source,9.0,0.5,BU7,2.0,1.0,a3,1.0,Ningbo,S6
除了项目以外， 你一周学习新技术的时间有多少？比如：一周1个小时，一周4个小时，一周10个小时，等等？,少于5个小时...家庭生活很分心，后悔生娃太早,Technical Support Professional,learn+technique,8.0,0.0,BU7,2.0,1.0,a2,1.0,Shanghai,S2
CDL办公室管理的挑战：工作日有小朋友跟着家长来上班。一方面，学校放假期间小朋友不能自己呆在家里没有成年人照顾，这对家长来说是很难解决的问题。另一方面，实验室的工作环境和性质对 security 有很高的要求，不适合小朋友逗留。另外，小朋友的嘻闹会影响同事的工作，也时有发生小朋友损坏办公设备的情况，比如在昂贵的投影幕布上用马克笔涂涂画画。最重要的是，小朋友在办公区活动也有很大的安全隐患，比如摔伤、磕碰等等。综上，在这里想听听大家对这一问题的看法和建议。 ,"the work place is only for working, you can not bring a child to the public workplace. it is not fair for other people",Software Developer,company management,1.0,0.440625,BU7,2.0,1.0,a2,0.0,Xi'an,S4
Pls recommend the most effective open technology skill development approach you believe,jquery,Software Developer,open source,9.0,0.5,BU7,2.0,1.0,a1,1.0,Beijing,S2
Do you like our new Agile Open Office?,yes,Software Developer,environment+agile,10.0,1.0,BU7,1.0,1.0,a1,1.0,Shanghai,S0
IBM要转型成功，你认为是技术更重要，还是满足客户需求更重要？,把握市场需求,Software Developer,transformation,11.0,0.5,BU7,1.0,1.0,a1,0.0,Beijing,S0
你认为你所在的产品或项目最需要什么人才，才能够成功？为什么？比如，深刻理解市场的产品经理，技术大牛，开发，测试，运维，销售等等？,把握时机，理解市场，抓住用户心理的人，岗位不限,Software Developer,project,4.0,0.5,BU7,1.0,1.0,a1,0.0,Beijing,S0
CDL办公室管理的挑战：工作日有小朋友跟着家长来上班。一方面，学校放假期间小朋友不能自己呆在家里没有成年人照顾，这对家长来说是很难解决的问题。另一方面，实验室的工作环境和性质对 security 有很高的要求，不适合小朋友逗留。另外，小朋友的嘻闹会影响同事的工作，也时有发生小朋友损坏办公设备的情况，比如在昂贵的投影幕布上用马克笔涂涂画画。最重要的是，小朋友在办公区活动也有很大的安全隐患，比如摔伤、磕碰等等。综上，在这里想听听大家对这一问题的看法和建议。 ,建议设置小朋友的集体活动，在工作区应有家人陪同尽量不在工作区喧哗，安排特定的会议室给小朋友活动，会议室不应被随便占用,Software Developer,company management,1.0,0.3333333333333333,BU7,1.0,1.0,a1,0.0,Beijing,S1
Any ideas on team building in Sep? To enjoy BJ's autumn,植物园，植物园,Software Developer,team,5.0,0.5,BU7,1.0,1.0,a1,0.0,Beijing,S1
How about our technical sharing sessions?,"learn a lot from these sharings, there is always sth to learn from everybody",Software Developer,technique,2.0,0.5,BU7,1.0,1.0,a1,0.0,Beijing,S1
Do you like our new Agile Open Office?,用过一次而已，还好吧！,Software Architect,environment+agile,10.0,0.5,BU8,4.0,1.0,a4,1.0,Beijing,S16
除了项目以外， 你一周学习新技术的时间有多少？比如：一周1个小时，一周4个小时，一周10个小时，等等？,一周4小时+ :),Software Architect,learn+technique,8.0,0.5,BU8,4.0,1.0,a4,1.0,Beijing,S16
Do you like our new Agile Open Office?,it's cool and fabulous,Customer / Partner Engagement,environment+agile,10.0,0.6875,BU8,4.0,1.0,a3,0.0,Beijing,S13
工程师的日常生活里，你觉得甚么最需要去改变？(e.g. 工作态度，社交活动，生活习惯，创新思考，保持热忱... 等，请自由发挥),加强身体锻炼,Customer / Partner Engagement,engineer,6.0,1.0,BU8,4.0,1.0,a3,0.0,Beijing,S13
说到工程师文化，你想到的前三个词是什么？例如： 自由，效率，平等，尊重，信任，创新，简化流程，快速迭代，一切以解决问题为导向等等,信任，高效，创新,Customer / Partner Engagement,engineer,6.0,1.0,BU8,4.0,1.0,a3,0.0,Beijing,S13
你希望工作环境发生的一个小改变是什么？,找会议室不用花太多时间，可以随时找到开会的地方,Customer / Partner Engagement,environment+agile,10.0,0.5,BU8,4.0,1.0,a3,0.0,Beijing,S13
如何才能在Lab工作的每一天都有好心情,每天有点小收获,Customer / Partner Engagement,work,0.0,1.0,BU8,4.0,1.0,a3,0.0,Beijing,S13
IT产业正在进行巨大的变革，IBM正在经历必须胜利的转型，作为一个IBMer，具体到你的产品项目中，你认为自己可以做什么样的努力和转变呢？从而帮助你的产品更加成功，帮助CDL转型成功， 帮助IBM转型成功！,不断学习，即刻行动,Customer / Partner Engagement,transformation,11.0,0.5,BU8,4.0,1.0,a3,0.0,Beijing,S13
你觉得开源软件会带给企业什么改变？,开源带来机会的同时也对软件企业带来了极大的挑战,Customer / Partner Engagement,open source,9.0,0.5,BU8,4.0,1.0,a3,0.0,Beijing,S13
CDL办公室管理的挑战：工作日有小朋友跟着家长来上班。一方面，学校放假期间小朋友不能自己呆在家里没有成年人照顾，这对家长来说是很难解决的问题。另一方面，实验室的工作环境和性质对 security 有很高的要求，不适合小朋友逗留。另外，小朋友的嘻闹会影响同事的工作，也时有发生小朋友损坏办公设备的情况，比如在昂贵的投影幕布上用马克笔涂涂画画。最重要的是，小朋友在办公区活动也有很大的安全隐患，比如摔伤、磕碰等等。综上，在这里想听听大家对这一问题的看法和建议。 ,放寒暑假的时候，很多家庭也是没有办法。建议公司留出一个区域，志愿者或者家长轮流看护一下。,Software Developer,company management,1.0,0.5,BU9,4.0,1.0,a4,0.0,Beijing,S8
工程师的日常生活里，你觉得甚么最需要去改变？(e.g. 工作态度，社交活动，生活习惯，创新思考，保持热忱... 等，请自由发挥),生活不是非1即0,Software Developer,engineer,6.0,0.5,BU9,4.0,1.0,a4,0.0,Beijing,S8
IBM要转型成功，你认为是技术更重要，还是满足客户需求更重要？,满足客户需求更重要,Software Release Manager,transformation,11.0,1.0,BU9,4.0,1.0,a4,0.0,Beijing,S13
CDL办公室管理的挑战：工作日有小朋友跟着家长来上班。一方面，学校放假期间小朋友不能自己呆在家里没有成年人照顾，这对家长来说是很难解决的问题。另一方面，实验室的工作环境和性质对 security 有很高的要求，不适合小朋友逗留。另外，小朋友的嘻闹会影响同事的工作，也时有发生小朋友损坏办公设备的情况，比如在昂贵的投影幕布上用马克笔涂涂画画。最重要的是，小朋友在办公区活动也有很大的安全隐患，比如摔伤、磕碰等等。综上，在这里想听听大家对这一问题的看法和建议。 ,有些同事带的小孩就放在二楼开放区（有乒乓球桌那里）就不管了，对在那周围工作的同事真的有些困扰，小朋友常常大喊大叫跑来跑去，父母也不在身边管束。我理解家长有困难要带孩子上班，但是建议能带在身边，负起一些责任，公司能有集中供孩子玩耍的会议室并且不影响周边同事的那最好了，现在一到假期坐在开放区附近的同事真的有些郁闷,Software Test Specialist,company management,1.0,0.6,BU9,4.0,1.0,a3,0.0,Beijing,S10
IBM要转型成功，你认为是技术更重要，还是满足客户需求更重要？,"当前第一要务是满足客户需求更重要,但是随着转型的深入以及对客户需求的把握,技术变得更为重要,因为要持续创新以及通过新技术更好地服务客户",Software Architect,transformation,11.0,1.0,BU9,4.0,1.0,a3,1.0,Beijing,S11
CDL办公室管理的挑战：工作日有小朋友跟着家长来上班。一方面，学校放假期间小朋友不能自己呆在家里没有成年人照顾，这对家长来说是很难解决的问题。另一方面，实验室的工作环境和性质对 security 有很高的要求，不适合小朋友逗留。另外，小朋友的嘻闹会影响同事的工作，也时有发生小朋友损坏办公设备的情况，比如在昂贵的投影幕布上用马克笔涂涂画画。最重要的是，小朋友在办公区活动也有很大的安全隐患，比如摔伤、磕碰等等。综上，在这里想听听大家对这一问题的看法和建议。 ,单位应该设置专门供孩子玩耍或者看书的地方，最好派专人陪护一下,Software Test Specialist,company management,1.0,1.0,BU9,3.0,1.0,a5,0.0,Beijing,S13
至今仍有人以为我们是卖电脑和修电脑的，你怎么看？,这样比较便于外行理解，试想怎么和外行解释云计算和watson,Software Developer,others,12.0,0.5,BU9,3.0,0.0,a3,1.0,Shanghai,S5
除了项目以外， 你一周学习新技术的时间有多少？比如：一周1个小时，一周4个小时，一周10个小时，等等？,一周2小时,Software Developer,learn+technique,8.0,0.5,BU9,3.0,1.0,a3,1.0,Beijing,S9
说到工程师文化，你想到的前三个词是什么？例如： 自由，效率，平等，尊重，信任，创新，简化流程，快速迭代，一切以解决问题为导向等等,"效率,公平,创新",Software Developer,engineer,6.0,1.0,BU9,3.0,1.0,a3,1.0,Beijing,S9
你觉得IBM是技术导向的么？,不是,Software Developer,IBM,3.0,0.5,BU9,3.0,1.0,a3,1.0,Beijing,S9
"程序是有生命的，你多久重构一次代码?  比如：一周一次，一月一次，半年一次, 从不？",半年,Software Developer,others,12.0,0.5,BU9,3.0,1.0,a3,1.0,Beijing,S9
CDL办公室管理的挑战：工作日有小朋友跟着家长来上班。一方面，学校放假期间小朋友不能自己呆在家里没有成年人照顾，这对家长来说是很难解决的问题。另一方面，实验室的工作环境和性质对 security 有很高的要求，不适合小朋友逗留。另外，小朋友的嘻闹会影响同事的工作，也时有发生小朋友损坏办公设备的情况，比如在昂贵的投影幕布上用马克笔涂涂画画。最重要的是，小朋友在办公区活动也有很大的安全隐患，比如摔伤、磕碰等等。综上，在这里想听听大家对这一问题的看法和建议。 ,可以给孩子们建立一个图书馆，小型的，包含幼儿园到小学的即可。这样又能培养孩子的好习惯，父母也不担心，图书馆可以在暑假的时候有专门的志愿者进行看管,Software Test Specialist,company management,1.0,1.0,BU9,2.0,1.0,a3,0.0,Shanghai,S2
CDL办公室管理的挑战：工作日有小朋友跟着家长来上班。一方面，学校放假期间小朋友不能自己呆在家里没有成年人照顾，这对家长来说是很难解决的问题。另一方面，实验室的工作环境和性质对 security 有很高的要求，不适合小朋友逗留。另外，小朋友的嘻闹会影响同事的工作，也时有发生小朋友损坏办公设备的情况，比如在昂贵的投影幕布上用马克笔涂涂画画。最重要的是，小朋友在办公区活动也有很大的安全隐患，比如摔伤、磕碰等等。综上，在这里想听听大家对这一问题的看法和建议。 ,公司可以允许孩子在特定的一天来公司，在这天，安排给这些来公司的孩子安排统一的活动，这样家长也能放心工作，孩子也会有人玩，不会在公司太无聊，到处跑。,Software Developer,company management,1.0,0.5,BU9,2.0,1.0,a3,0.0,Beijing,S1
你喜欢下午茶吗?请列出你喜欢的种类，或许不久公司会实现哦,喜欢,Software Developer,company management,1.0,1.0,BU9,2.0,1.0,a3,0.0,Beijing,S1
CDL办公室管理的挑战：工作日有小朋友跟着家长来上班。一方面，学校放假期间小朋友不能自己呆在家里没有成年人照顾，这对家长来说是很难解决的问题。另一方面，实验室的工作环境和性质对 security 有很高的要求，不适合小朋友逗留。另外，小朋友的嘻闹会影响同事的工作，也时有发生小朋友损坏办公设备的情况，比如在昂贵的投影幕布上用马克笔涂涂画画。最重要的是，小朋友在办公区活动也有很大的安全隐患，比如摔伤、磕碰等等。综上，在这里想听听大家对这一问题的看法和建议。 ,其实有一些孩子是很安静，懂得尊重他人的，这样的孩子我很欢迎她/他，但有些有点吵，确实会影响工作，尤其是二楼乒乓球区。建议单独开辟一片区域吧，找个机构来看管，家长交点费用，这样孩子也更安全。,Software Test Specialist,company management,1.0,0.8,BU9,2.0,1.0,a3,0.0,Beijing,S4
CDL办公室管理的挑战：工作日有小朋友跟着家长来上班。一方面，学校放假期间小朋友不能自己呆在家里没有成年人照顾，这对家长来说是很难解决的问题。另一方面，实验室的工作环境和性质对 security 有很高的要求，不适合小朋友逗留。另外，小朋友的嘻闹会影响同事的工作，也时有发生小朋友损坏办公设备的情况，比如在昂贵的投影幕布上用马克笔涂涂画画。最重要的是，小朋友在办公区活动也有很大的安全隐患，比如摔伤、磕碰等等。综上，在这里想听听大家对这一问题的看法和建议。 ,可以请第三方公司负责照顾小朋友，家长负担费用,Software Developer,company management,1.0,0.5,BU9,2.0,1.0,a3,1.0,Beijing,S10
IBM要转型成功，你认为是技术更重要，还是满足客户需求更重要？,技术,Software Developer,transformation,11.0,0.5,BU9,2.0,1.0,a2,0.0,Beijing,S4
"If you had $1,000,000 and you could not spend it on yourself, what would you do?","i would invest the money in some area, like child education, some startup companies, etc.",Software Developer,others,12.0,0.5,BU9,2.0,1.0,a2,0.0,Beijing,S4
除了项目以外， 你一周学习新技术的时间有多少？比如：一周1个小时，一周4个小时，一周10个小时，等等？,10h,Software Test Specialist,learn+technique,8.0,0.5,BU9,2.0,1.0,a2,0.0,Beijing,S5
说到工程师文化，你想到的前三个词是什么？例如： 自由，效率，平等，尊重，信任，创新，简化流程，快速迭代，一切以解决问题为导向等等,效率 创新 平等,Software Test Specialist,engineer,6.0,1.0,BU9,2.0,1.0,a2,0.0,Beijing,S5
让你留在IBM的三个原因是什么？,work life balance,Software Test Specialist,IBM,3.0,0.5,BU9,2.0,1.0,a2,0.0,Beijing,S5
你觉得开源软件会带给企业什么改变？,风险机遇并存 要拥抱开源但也要谨慎 坑太多,Software Test Specialist,open source,9.0,1.0,BU9,2.0,1.0,a2,0.0,Beijing,S5
你最想在工作上做的一个转变（Transformation）是什么，不限于职业规划的转变，可以扩展到你的知识技能体系，工作习惯，沟通管理方式等方面的转变,我希望能对行业动态、趋势以及competitor能有更多的理解,Software Developer,transformation,11.0,1.0,BU9,2.0,1.0,a2,0.0,Beijing,S9
先客观地问自己，我对目前整体的团队氛围满意吗？,who care,Software Developer,team,5.0,0.5,BU9,1.0,1.0,a2,1.0,Beijing,S1
"David Kenny在上午的TownHall上说""Powerpoint is neither powerful or pointed"". 你怎么看？",不能把所有问题都丢到公司来解决,Software Developer,others,12.0,0.0,BU9,1.0,1.0,a1,1.0,Beijing,S0
先客观地问自己，我对目前整体的团队氛围满意吗？,钱不是阻挡大家出去荡的原因， 难的是聚在一起。,Software Developer,team,5.0,0.5,BU9,1.0,1.0,a1,1.0,Beijing,S1
nan,nan,,,,0.5,,,,,,,
nan,nan,,,,0.5,,,,,,,
nan,nan,,,,0.5,,,,,,,
nan,nan,,,,0.5,,,,,,,
nan,nan,,,,0.5,,,,,,,
nan,nan,,,,0.5,,,,,,,
nan,nan,,,,0.5,,,,,,,
nan,nan,,,,0.5,,,,,,,
nan,nan,,,,0.5,,,,,,,
nan,nan,,,,0.5,,,,,,,
nan,nan,,,,0.5,,,,,,,
nan,nan,,,,0.5,,,,,,,
nan,nan,,,,0.5,,,,,,,
nan,nan,,,,0.5,,,,,,,
nan,nan,,,,0.5,,,,,,,
nan,nan,,,,0.5,,,,,,,
